INFO - 2026-05-18 09:13:47 --> Session: Class initialized using 'CodeIgniter\Session\Handlers\FileHandler' driver.
INFO - 2026-05-18 09:13:48 --> Session: Class initialized using 'CodeIgniter\Session\Handlers\FileHandler' driver.
INFO - 2026-05-18 09:13:48 --> Session: Class initialized using 'CodeIgniter\Session\Handlers\FileHandler' driver.
INFO - 2026-05-18 09:37:33 --> Session: Class initialized using 'CodeIgniter\Session\Handlers\FileHandler' driver.
INFO - 2026-05-18 09:37:34 --> Session: Class initialized using 'CodeIgniter\Session\Handlers\FileHandler' driver.
INFO - 2026-05-18 09:42:03 --> Session: Class initialized using 'CodeIgniter\Session\Handlers\FileHandler' driver.
INFO - 2026-05-18 09:59:58 --> Session: Class initialized using 'CodeIgniter\Session\Handlers\FileHandler' driver.
INFO - 2026-05-18 09:59:58 --> Session: Class initialized using 'CodeIgniter\Session\Handlers\FileHandler' driver.
INFO - 2026-05-18 10:00:01 --> Session: Class initialized using 'CodeIgniter\Session\Handlers\FileHandler' driver.
CRITICAL - 2026-05-18 10:00:01 --> InvalidArgumentException: whereIn() expects $values to be of type array or closure
in SYSTEMPATH\Database\BaseBuilder.php on line 940.
 1 SYSTEMPATH\Database\BaseBuilder.php(826): CodeIgniter\Database\BaseBuilder->_whereIn('id', '2', false, 'AND ', null)
 2 SYSTEMPATH\Model.php(877): CodeIgniter\Database\BaseBuilder->whereIn('id', '2')
 3 APPPATH\Services\ProductService.php(44): CodeIgniter\Model->__call('whereIn', [...])
 4 APPPATH\Services\CartService.php(269): App\Services\ProductService->productColorByIds('2')
 5 APPPATH\Controllers\CartController.php(52): App\Services\CartService->add([...])
 6 SYSTEMPATH\CodeIgniter.php(943): App\Controllers\CartController->add()
 7 SYSTEMPATH\CodeIgniter.php(503): CodeIgniter\CodeIgniter->runController(Object(App\Controllers\CartController))
 8 SYSTEMPATH\CodeIgniter.php(361): CodeIgniter\CodeIgniter->handleRequest(null, Object(Config\Cache), false)
 9 FCPATH\index.php(79): CodeIgniter\CodeIgniter->run()
INFO - 2026-05-18 10:01:22 --> Session: Class initialized using 'CodeIgniter\Session\Handlers\FileHandler' driver.
CRITICAL - 2026-05-18 10:01:22 --> ErrorException: Undefined array key "color_name"
in APPPATH\Services\CartService.php on line 270.
 1 APPPATH\Services\CartService.php(270): CodeIgniter\Debug\Exceptions->errorHandler(2, 'Undefined array key "color_name"', 'D:\\xamp\\htdocs\\neo\\app\\Services\\CartService.php', 270)
 2 APPPATH\Controllers\CartController.php(52): App\Services\CartService->add([...])
 3 SYSTEMPATH\CodeIgniter.php(943): App\Controllers\CartController->add()
 4 SYSTEMPATH\CodeIgniter.php(503): CodeIgniter\CodeIgniter->runController(Object(App\Controllers\CartController))
 5 SYSTEMPATH\CodeIgniter.php(361): CodeIgniter\CodeIgniter->handleRequest(null, Object(Config\Cache), false)
 6 FCPATH\index.php(79): CodeIgniter\CodeIgniter->run()
INFO - 2026-05-18 10:01:47 --> Session: Class initialized using 'CodeIgniter\Session\Handlers\FileHandler' driver.
CRITICAL - 2026-05-18 10:01:47 --> ErrorException: Undefined array key "color_name"
in APPPATH\Services\CartService.php on line 270.
 1 APPPATH\Services\CartService.php(270): CodeIgniter\Debug\Exceptions->errorHandler(2, 'Undefined array key "color_name"', 'D:\\xamp\\htdocs\\neo\\app\\Services\\CartService.php', 270)
 2 APPPATH\Controllers\CartController.php(52): App\Services\CartService->add([...])
 3 SYSTEMPATH\CodeIgniter.php(943): App\Controllers\CartController->add()
 4 SYSTEMPATH\CodeIgniter.php(503): CodeIgniter\CodeIgniter->runController(Object(App\Controllers\CartController))
 5 SYSTEMPATH\CodeIgniter.php(361): CodeIgniter\CodeIgniter->handleRequest(null, Object(Config\Cache), false)
 6 FCPATH\index.php(79): CodeIgniter\CodeIgniter->run()
INFO - 2026-05-18 10:03:36 --> Session: Class initialized using 'CodeIgniter\Session\Handlers\FileHandler' driver.
INFO - 2026-05-18 10:04:00 --> Session: Class initialized using 'CodeIgniter\Session\Handlers\FileHandler' driver.
INFO - 2026-05-18 10:04:19 --> Session: Class initialized using 'CodeIgniter\Session\Handlers\FileHandler' driver.
INFO - 2026-05-18 10:04:38 --> Session: Class initialized using 'CodeIgniter\Session\Handlers\FileHandler' driver.
INFO - 2026-05-18 10:05:49 --> Session: Class initialized using 'CodeIgniter\Session\Handlers\FileHandler' driver.
INFO - 2026-05-18 10:05:49 --> Session: Class initialized using 'CodeIgniter\Session\Handlers\FileHandler' driver.
INFO - 2026-05-18 10:05:54 --> Session: Class initialized using 'CodeIgniter\Session\Handlers\FileHandler' driver.
INFO - 2026-05-18 10:07:47 --> Session: Class initialized using 'CodeIgniter\Session\Handlers\FileHandler' driver.
INFO - 2026-05-18 10:07:53 --> Session: Class initialized using 'CodeIgniter\Session\Handlers\FileHandler' driver.
INFO - 2026-05-18 10:07:54 --> Session: Class initialized using 'CodeIgniter\Session\Handlers\FileHandler' driver.
INFO - 2026-05-18 10:08:24 --> Session: Class initialized using 'CodeIgniter\Session\Handlers\FileHandler' driver.
INFO - 2026-05-18 10:08:25 --> Session: Class initialized using 'CodeIgniter\Session\Handlers\FileHandler' driver.
INFO - 2026-05-18 10:08:25 --> Session: Class initialized using 'CodeIgniter\Session\Handlers\FileHandler' driver.
INFO - 2026-05-18 10:08:29 --> Session: Class initialized using 'CodeIgniter\Session\Handlers\FileHandler' driver.
INFO - 2026-05-18 10:08:30 --> Session: Class initialized using 'CodeIgniter\Session\Handlers\FileHandler' driver.
INFO - 2026-05-18 10:08:34 --> Session: Class initialized using 'CodeIgniter\Session\Handlers\FileHandler' driver.
INFO - 2026-05-18 10:08:34 --> Session: Class initialized using 'CodeIgniter\Session\Handlers\FileHandler' driver.
INFO - 2026-05-18 10:08:35 --> Session: Class initialized using 'CodeIgniter\Session\Handlers\FileHandler' driver.
INFO - 2026-05-18 10:08:36 --> Session: Class initialized using 'CodeIgniter\Session\Handlers\FileHandler' driver.
INFO - 2026-05-18 10:08:37 --> Session: Class initialized using 'CodeIgniter\Session\Handlers\FileHandler' driver.
INFO - 2026-05-18 10:08:37 --> Session: Class initialized using 'CodeIgniter\Session\Handlers\FileHandler' driver.
INFO - 2026-05-18 10:08:38 --> Session: Class initialized using 'CodeIgniter\Session\Handlers\FileHandler' driver.
INFO - 2026-05-18 10:08:38 --> Session: Class initialized using 'CodeIgniter\Session\Handlers\FileHandler' driver.
INFO - 2026-05-18 10:08:43 --> Session: Class initialized using 'CodeIgniter\Session\Handlers\FileHandler' driver.
INFO - 2026-05-18 10:08:43 --> Session: Class initialized using 'CodeIgniter\Session\Handlers\FileHandler' driver.
INFO - 2026-05-18 10:10:38 --> Session: Class initialized using 'CodeIgniter\Session\Handlers\FileHandler' driver.
INFO - 2026-05-18 10:10:39 --> Session: Class initialized using 'CodeIgniter\Session\Handlers\FileHandler' driver.
INFO - 2026-05-18 10:15:17 --> Session: Class initialized using 'CodeIgniter\Session\Handlers\FileHandler' driver.
INFO - 2026-05-18 10:15:18 --> Session: Class initialized using 'CodeIgniter\Session\Handlers\FileHandler' driver.
INFO - 2026-05-18 10:15:18 --> Session: Class initialized using 'CodeIgniter\Session\Handlers\FileHandler' driver.
INFO - 2026-05-18 10:16:47 --> Session: Class initialized using 'CodeIgniter\Session\Handlers\FileHandler' driver.
INFO - 2026-05-18 10:16:47 --> Session: Class initialized using 'CodeIgniter\Session\Handlers\FileHandler' driver.
INFO - 2026-05-18 10:17:11 --> Session: Class initialized using 'CodeIgniter\Session\Handlers\FileHandler' driver.
INFO - 2026-05-18 10:17:12 --> Session: Class initialized using 'CodeIgniter\Session\Handlers\FileHandler' driver.
INFO - 2026-05-18 10:17:50 --> Session: Class initialized using 'CodeIgniter\Session\Handlers\FileHandler' driver.
INFO - 2026-05-18 10:18:49 --> Session: Class initialized using 'CodeIgniter\Session\Handlers\FileHandler' driver.
INFO - 2026-05-18 10:19:05 --> Session: Class initialized using 'CodeIgniter\Session\Handlers\FileHandler' driver.
INFO - 2026-05-18 10:19:06 --> Session: Class initialized using 'CodeIgniter\Session\Handlers\FileHandler' driver.
INFO - 2026-05-18 10:19:56 --> Session: Class initialized using 'CodeIgniter\Session\Handlers\FileHandler' driver.
INFO - 2026-05-18 10:19:56 --> Session: Class initialized using 'CodeIgniter\Session\Handlers\FileHandler' driver.
INFO - 2026-05-18 10:21:34 --> Session: Class initialized using 'CodeIgniter\Session\Handlers\FileHandler' driver.
INFO - 2026-05-18 10:21:34 --> Session: Class initialized using 'CodeIgniter\Session\Handlers\FileHandler' driver.
INFO - 2026-05-18 10:21:34 --> Session: Class initialized using 'CodeIgniter\Session\Handlers\FileHandler' driver.
INFO - 2026-05-18 10:21:35 --> Session: Class initialized using 'CodeIgniter\Session\Handlers\FileHandler' driver.
INFO - 2026-05-18 10:21:35 --> Session: Class initialized using 'CodeIgniter\Session\Handlers\FileHandler' driver.
INFO - 2026-05-18 10:21:35 --> Session: Class initialized using 'CodeIgniter\Session\Handlers\FileHandler' driver.
INFO - 2026-05-18 10:21:35 --> Session: Class initialized using 'CodeIgniter\Session\Handlers\FileHandler' driver.
INFO - 2026-05-18 10:21:35 --> Session: Class initialized using 'CodeIgniter\Session\Handlers\FileHandler' driver.
INFO - 2026-05-18 10:21:35 --> Session: Class initialized using 'CodeIgniter\Session\Handlers\FileHandler' driver.
INFO - 2026-05-18 10:21:36 --> Session: Class initialized using 'CodeIgniter\Session\Handlers\FileHandler' driver.
INFO - 2026-05-18 10:21:36 --> Session: Class initialized using 'CodeIgniter\Session\Handlers\FileHandler' driver.
INFO - 2026-05-18 10:21:36 --> Session: Class initialized using 'CodeIgniter\Session\Handlers\FileHandler' driver.
INFO - 2026-05-18 10:21:36 --> Session: Class initialized using 'CodeIgniter\Session\Handlers\FileHandler' driver.
INFO - 2026-05-18 10:21:36 --> Session: Class initialized using 'CodeIgniter\Session\Handlers\FileHandler' driver.
INFO - 2026-05-18 10:21:36 --> Session: Class initialized using 'CodeIgniter\Session\Handlers\FileHandler' driver.
INFO - 2026-05-18 10:21:37 --> Session: Class initialized using 'CodeIgniter\Session\Handlers\FileHandler' driver.
INFO - 2026-05-18 10:21:37 --> Session: Class initialized using 'CodeIgniter\Session\Handlers\FileHandler' driver.
INFO - 2026-05-18 10:21:37 --> Session: Class initialized using 'CodeIgniter\Session\Handlers\FileHandler' driver.
INFO - 2026-05-18 10:21:38 --> Session: Class initialized using 'CodeIgniter\Session\Handlers\FileHandler' driver.
INFO - 2026-05-18 10:21:38 --> Session: Class initialized using 'CodeIgniter\Session\Handlers\FileHandler' driver.
INFO - 2026-05-18 10:21:38 --> Session: Class initialized using 'CodeIgniter\Session\Handlers\FileHandler' driver.
INFO - 2026-05-18 10:21:53 --> Session: Class initialized using 'CodeIgniter\Session\Handlers\FileHandler' driver.
INFO - 2026-05-18 10:21:56 --> Session: Class initialized using 'CodeIgniter\Session\Handlers\FileHandler' driver.
INFO - 2026-05-18 10:21:56 --> Session: Class initialized using 'CodeIgniter\Session\Handlers\FileHandler' driver.
INFO - 2026-05-18 10:22:07 --> Session: Class initialized using 'CodeIgniter\Session\Handlers\FileHandler' driver.
INFO - 2026-05-18 10:22:07 --> Session: Class initialized using 'CodeIgniter\Session\Handlers\FileHandler' driver.
INFO - 2026-05-18 10:22:08 --> Session: Class initialized using 'CodeIgniter\Session\Handlers\FileHandler' driver.
INFO - 2026-05-18 10:22:08 --> Session: Class initialized using 'CodeIgniter\Session\Handlers\FileHandler' driver.
INFO - 2026-05-18 10:22:09 --> Session: Class initialized using 'CodeIgniter\Session\Handlers\FileHandler' driver.
INFO - 2026-05-18 10:22:09 --> Session: Class initialized using 'CodeIgniter\Session\Handlers\FileHandler' driver.
INFO - 2026-05-18 16:42:31 --> Session: Class initialized using 'CodeIgniter\Session\Handlers\FileHandler' driver.
INFO - 2026-05-18 16:42:37 --> Session: Class initialized using 'CodeIgniter\Session\Handlers\FileHandler' driver.
INFO - 2026-05-18 16:42:37 --> Session: Class initialized using 'CodeIgniter\Session\Handlers\FileHandler' driver.
INFO - 2026-05-18 16:42:41 --> Session: Class initialized using 'CodeIgniter\Session\Handlers\FileHandler' driver.
INFO - 2026-05-18 16:42:42 --> Session: Class initialized using 'CodeIgniter\Session\Handlers\FileHandler' driver.
INFO - 2026-05-18 16:43:44 --> Session: Class initialized using 'CodeIgniter\Session\Handlers\FileHandler' driver.
INFO - 2026-05-18 16:43:45 --> Session: Class initialized using 'CodeIgniter\Session\Handlers\FileHandler' driver.
INFO - 2026-05-18 16:47:13 --> Session: Class initialized using 'CodeIgniter\Session\Handlers\FileHandler' driver.
INFO - 2026-05-18 16:47:14 --> Session: Class initialized using 'CodeIgniter\Session\Handlers\FileHandler' driver.
INFO - 2026-05-18 16:49:42 --> Session: Class initialized using 'CodeIgniter\Session\Handlers\FileHandler' driver.
INFO - 2026-05-18 16:49:42 --> Session: Class initialized using 'CodeIgniter\Session\Handlers\FileHandler' driver.
INFO - 2026-05-18 16:52:37 --> Session: Class initialized using 'CodeIgniter\Session\Handlers\FileHandler' driver.
INFO - 2026-05-18 16:52:38 --> Session: Class initialized using 'CodeIgniter\Session\Handlers\FileHandler' driver.
INFO - 2026-05-18 16:54:23 --> Session: Class initialized using 'CodeIgniter\Session\Handlers\FileHandler' driver.
INFO - 2026-05-18 16:54:25 --> Session: Class initialized using 'CodeIgniter\Session\Handlers\FileHandler' driver.
INFO - 2026-05-18 16:58:07 --> Session: Class initialized using 'CodeIgniter\Session\Handlers\FileHandler' driver.
INFO - 2026-05-18 16:58:07 --> Session: Class initialized using 'CodeIgniter\Session\Handlers\FileHandler' driver.
INFO - 2026-05-18 16:58:36 --> Session: Class initialized using 'CodeIgniter\Session\Handlers\FileHandler' driver.
INFO - 2026-05-18 16:59:17 --> Session: Class initialized using 'CodeIgniter\Session\Handlers\FileHandler' driver.
INFO - 2026-05-18 16:59:19 --> Session: Class initialized using 'CodeIgniter\Session\Handlers\FileHandler' driver.
INFO - 2026-05-18 17:02:27 --> Session: Class initialized using 'CodeIgniter\Session\Handlers\FileHandler' driver.
INFO - 2026-05-18 17:02:28 --> Session: Class initialized using 'CodeIgniter\Session\Handlers\FileHandler' driver.
INFO - 2026-05-18 17:16:44 --> Session: Class initialized using 'CodeIgniter\Session\Handlers\FileHandler' driver.
ERROR - 2026-05-18 17:16:44 --> mysqli_sql_exception: Table 'neon.fonts' doesn't exist in D:\xamp\htdocs\neo\vendor\codeigniter4\framework\system\Database\MySQLi\Connection.php:306
Stack trace:
#0 D:\xamp\htdocs\neo\vendor\codeigniter4\framework\system\Database\MySQLi\Connection.php(306): mysqli->query('SELECT *\nFROM `...', 0)
#1 D:\xamp\htdocs\neo\vendor\codeigniter4\framework\system\Database\BaseConnection.php(693): CodeIgniter\Database\MySQLi\Connection->execute('SELECT *\nFROM `...')
#2 D:\xamp\htdocs\neo\vendor\codeigniter4\framework\system\Database\BaseConnection.php(607): CodeIgniter\Database\BaseConnection->simpleQuery('SELECT *\nFROM `...')
#3 D:\xamp\htdocs\neo\vendor\codeigniter4\framework\system\Database\BaseBuilder.php(1616): CodeIgniter\Database\BaseConnection->query('SELECT *\nFROM `...', Array, false)
#4 D:\xamp\htdocs\neo\vendor\codeigniter4\framework\system\Model.php(243): CodeIgniter\Database\BaseBuilder->get()
#5 D:\xamp\htdocs\neo\vendor\codeigniter4\framework\system\BaseModel.php(641): CodeIgniter\Model->doFindAll(0, 0)
#6 D:\xamp\htdocs\neo\app\Controllers\admin\productmanagementController.php(40): CodeIgniter\BaseModel->findAll()
#7 D:\xamp\htdocs\neo\vendor\codeigniter4\framework\system\CodeIgniter.php(943): App\Controllers\admin\ProductmanagementController->index()
#8 D:\xamp\htdocs\neo\vendor\codeigniter4\framework\system\CodeIgniter.php(503): CodeIgniter\CodeIgniter->runController(Object(App\Controllers\admin\ProductmanagementController))
#9 D:\xamp\htdocs\neo\vendor\codeigniter4\framework\system\CodeIgniter.php(361): CodeIgniter\CodeIgniter->handleRequest(NULL, Object(Config\Cache), false)
#10 D:\xamp\htdocs\neo\index.php(79): CodeIgniter\CodeIgniter->run()
#11 {main}
CRITICAL - 2026-05-18 17:16:45 --> CodeIgniter\Database\Exceptions\DatabaseException: Table 'neon.fonts' doesn't exist
in SYSTEMPATH\Database\BaseConnection.php on line 647.
 1 SYSTEMPATH\Database\BaseBuilder.php(1616): CodeIgniter\Database\BaseConnection->query('SELECT *
FROM `fonts`', [], false)
 2 SYSTEMPATH\Model.php(243): CodeIgniter\Database\BaseBuilder->get()
 3 SYSTEMPATH\BaseModel.php(641): CodeIgniter\Model->doFindAll(0, 0)
 4 APPPATH\Controllers\admin\productmanagementController.php(40): CodeIgniter\BaseModel->findAll()
 5 SYSTEMPATH\CodeIgniter.php(943): App\Controllers\admin\ProductmanagementController->index()
 6 SYSTEMPATH\CodeIgniter.php(503): CodeIgniter\CodeIgniter->runController(Object(App\Controllers\admin\ProductmanagementController))
 7 SYSTEMPATH\CodeIgniter.php(361): CodeIgniter\CodeIgniter->handleRequest(null, Object(Config\Cache), false)
 8 FCPATH\index.php(79): CodeIgniter\CodeIgniter->run()
CRITICAL - 2026-05-18 17:16:45 --> [Caused by] CodeIgniter\Database\Exceptions\DatabaseException: Table 'neon.fonts' doesn't exist
in SYSTEMPATH\Database\MySQLi\Connection.php on line 311.
 1 SYSTEMPATH\Database\BaseConnection.php(693): CodeIgniter\Database\MySQLi\Connection->execute('SELECT *
FROM `fonts`')
 2 SYSTEMPATH\Database\BaseConnection.php(607): CodeIgniter\Database\BaseConnection->simpleQuery('SELECT *
FROM `fonts`')
 3 SYSTEMPATH\Database\BaseBuilder.php(1616): CodeIgniter\Database\BaseConnection->query('SELECT *
FROM `fonts`', [], false)
 4 SYSTEMPATH\Model.php(243): CodeIgniter\Database\BaseBuilder->get()
 5 SYSTEMPATH\BaseModel.php(641): CodeIgniter\Model->doFindAll(0, 0)
 6 APPPATH\Controllers\admin\productmanagementController.php(40): CodeIgniter\BaseModel->findAll()
 7 SYSTEMPATH\CodeIgniter.php(943): App\Controllers\admin\ProductmanagementController->index()
 8 SYSTEMPATH\CodeIgniter.php(503): CodeIgniter\CodeIgniter->runController(Object(App\Controllers\admin\ProductmanagementController))
 9 SYSTEMPATH\CodeIgniter.php(361): CodeIgniter\CodeIgniter->handleRequest(null, Object(Config\Cache), false)
10 FCPATH\index.php(79): CodeIgniter\CodeIgniter->run()
CRITICAL - 2026-05-18 17:16:45 --> [Caused by] mysqli_sql_exception: Table 'neon.fonts' doesn't exist
in SYSTEMPATH\Database\MySQLi\Connection.php on line 306.
 1 SYSTEMPATH\Database\MySQLi\Connection.php(306): mysqli->query('SELECT *
FROM `fonts`', 0)
 2 SYSTEMPATH\Database\BaseConnection.php(693): CodeIgniter\Database\MySQLi\Connection->execute('SELECT *
FROM `fonts`')
 3 SYSTEMPATH\Database\BaseConnection.php(607): CodeIgniter\Database\BaseConnection->simpleQuery('SELECT *
FROM `fonts`')
 4 SYSTEMPATH\Database\BaseBuilder.php(1616): CodeIgniter\Database\BaseConnection->query('SELECT *
FROM `fonts`', [], false)
 5 SYSTEMPATH\Model.php(243): CodeIgniter\Database\BaseBuilder->get()
 6 SYSTEMPATH\BaseModel.php(641): CodeIgniter\Model->doFindAll(0, 0)
 7 APPPATH\Controllers\admin\productmanagementController.php(40): CodeIgniter\BaseModel->findAll()
 8 SYSTEMPATH\CodeIgniter.php(943): App\Controllers\admin\ProductmanagementController->index()
 9 SYSTEMPATH\CodeIgniter.php(503): CodeIgniter\CodeIgniter->runController(Object(App\Controllers\admin\ProductmanagementController))
10 SYSTEMPATH\CodeIgniter.php(361): CodeIgniter\CodeIgniter->handleRequest(null, Object(Config\Cache), false)
11 FCPATH\index.php(79): CodeIgniter\CodeIgniter->run()
INFO - 2026-05-18 17:17:39 --> Session: Class initialized using 'CodeIgniter\Session\Handlers\FileHandler' driver.
ERROR - 2026-05-18 17:17:39 --> mysqli_sql_exception: Table 'neon.fonts' doesn't exist in D:\xamp\htdocs\neo\vendor\codeigniter4\framework\system\Database\MySQLi\Connection.php:306
Stack trace:
#0 D:\xamp\htdocs\neo\vendor\codeigniter4\framework\system\Database\MySQLi\Connection.php(306): mysqli->query('SELECT *\nFROM `...', 0)
#1 D:\xamp\htdocs\neo\vendor\codeigniter4\framework\system\Database\BaseConnection.php(693): CodeIgniter\Database\MySQLi\Connection->execute('SELECT *\nFROM `...')
#2 D:\xamp\htdocs\neo\vendor\codeigniter4\framework\system\Database\BaseConnection.php(607): CodeIgniter\Database\BaseConnection->simpleQuery('SELECT *\nFROM `...')
#3 D:\xamp\htdocs\neo\vendor\codeigniter4\framework\system\Database\BaseBuilder.php(1616): CodeIgniter\Database\BaseConnection->query('SELECT *\nFROM `...', Array, false)
#4 D:\xamp\htdocs\neo\vendor\codeigniter4\framework\system\Model.php(243): CodeIgniter\Database\BaseBuilder->get()
#5 D:\xamp\htdocs\neo\vendor\codeigniter4\framework\system\BaseModel.php(641): CodeIgniter\Model->doFindAll(0, 0)
#6 D:\xamp\htdocs\neo\app\Controllers\admin\productmanagementController.php(40): CodeIgniter\BaseModel->findAll()
#7 D:\xamp\htdocs\neo\vendor\codeigniter4\framework\system\CodeIgniter.php(943): App\Controllers\admin\ProductmanagementController->index()
#8 D:\xamp\htdocs\neo\vendor\codeigniter4\framework\system\CodeIgniter.php(503): CodeIgniter\CodeIgniter->runController(Object(App\Controllers\admin\ProductmanagementController))
#9 D:\xamp\htdocs\neo\vendor\codeigniter4\framework\system\CodeIgniter.php(361): CodeIgniter\CodeIgniter->handleRequest(NULL, Object(Config\Cache), false)
#10 D:\xamp\htdocs\neo\index.php(79): CodeIgniter\CodeIgniter->run()
#11 {main}
CRITICAL - 2026-05-18 17:17:39 --> CodeIgniter\Database\Exceptions\DatabaseException: Table 'neon.fonts' doesn't exist
in SYSTEMPATH\Database\BaseConnection.php on line 647.
 1 SYSTEMPATH\Database\BaseBuilder.php(1616): CodeIgniter\Database\BaseConnection->query('SELECT *
FROM `fonts`', [], false)
 2 SYSTEMPATH\Model.php(243): CodeIgniter\Database\BaseBuilder->get()
 3 SYSTEMPATH\BaseModel.php(641): CodeIgniter\Model->doFindAll(0, 0)
 4 APPPATH\Controllers\admin\productmanagementController.php(40): CodeIgniter\BaseModel->findAll()
 5 SYSTEMPATH\CodeIgniter.php(943): App\Controllers\admin\ProductmanagementController->index()
 6 SYSTEMPATH\CodeIgniter.php(503): CodeIgniter\CodeIgniter->runController(Object(App\Controllers\admin\ProductmanagementController))
 7 SYSTEMPATH\CodeIgniter.php(361): CodeIgniter\CodeIgniter->handleRequest(null, Object(Config\Cache), false)
 8 FCPATH\index.php(79): CodeIgniter\CodeIgniter->run()
CRITICAL - 2026-05-18 17:17:39 --> [Caused by] CodeIgniter\Database\Exceptions\DatabaseException: Table 'neon.fonts' doesn't exist
in SYSTEMPATH\Database\MySQLi\Connection.php on line 311.
 1 SYSTEMPATH\Database\BaseConnection.php(693): CodeIgniter\Database\MySQLi\Connection->execute('SELECT *
FROM `fonts`')
 2 SYSTEMPATH\Database\BaseConnection.php(607): CodeIgniter\Database\BaseConnection->simpleQuery('SELECT *
FROM `fonts`')
 3 SYSTEMPATH\Database\BaseBuilder.php(1616): CodeIgniter\Database\BaseConnection->query('SELECT *
FROM `fonts`', [], false)
 4 SYSTEMPATH\Model.php(243): CodeIgniter\Database\BaseBuilder->get()
 5 SYSTEMPATH\BaseModel.php(641): CodeIgniter\Model->doFindAll(0, 0)
 6 APPPATH\Controllers\admin\productmanagementController.php(40): CodeIgniter\BaseModel->findAll()
 7 SYSTEMPATH\CodeIgniter.php(943): App\Controllers\admin\ProductmanagementController->index()
 8 SYSTEMPATH\CodeIgniter.php(503): CodeIgniter\CodeIgniter->runController(Object(App\Controllers\admin\ProductmanagementController))
 9 SYSTEMPATH\CodeIgniter.php(361): CodeIgniter\CodeIgniter->handleRequest(null, Object(Config\Cache), false)
10 FCPATH\index.php(79): CodeIgniter\CodeIgniter->run()
CRITICAL - 2026-05-18 17:17:39 --> [Caused by] mysqli_sql_exception: Table 'neon.fonts' doesn't exist
in SYSTEMPATH\Database\MySQLi\Connection.php on line 306.
 1 SYSTEMPATH\Database\MySQLi\Connection.php(306): mysqli->query('SELECT *
FROM `fonts`', 0)
 2 SYSTEMPATH\Database\BaseConnection.php(693): CodeIgniter\Database\MySQLi\Connection->execute('SELECT *
FROM `fonts`')
 3 SYSTEMPATH\Database\BaseConnection.php(607): CodeIgniter\Database\BaseConnection->simpleQuery('SELECT *
FROM `fonts`')
 4 SYSTEMPATH\Database\BaseBuilder.php(1616): CodeIgniter\Database\BaseConnection->query('SELECT *
FROM `fonts`', [], false)
 5 SYSTEMPATH\Model.php(243): CodeIgniter\Database\BaseBuilder->get()
 6 SYSTEMPATH\BaseModel.php(641): CodeIgniter\Model->doFindAll(0, 0)
 7 APPPATH\Controllers\admin\productmanagementController.php(40): CodeIgniter\BaseModel->findAll()
 8 SYSTEMPATH\CodeIgniter.php(943): App\Controllers\admin\ProductmanagementController->index()
 9 SYSTEMPATH\CodeIgniter.php(503): CodeIgniter\CodeIgniter->runController(Object(App\Controllers\admin\ProductmanagementController))
10 SYSTEMPATH\CodeIgniter.php(361): CodeIgniter\CodeIgniter->handleRequest(null, Object(Config\Cache), false)
11 FCPATH\index.php(79): CodeIgniter\CodeIgniter->run()
INFO - 2026-05-18 17:17:40 --> Session: Class initialized using 'CodeIgniter\Session\Handlers\FileHandler' driver.
ERROR - 2026-05-18 17:17:40 --> mysqli_sql_exception: Table 'neon.fonts' doesn't exist in D:\xamp\htdocs\neo\vendor\codeigniter4\framework\system\Database\MySQLi\Connection.php:306
Stack trace:
#0 D:\xamp\htdocs\neo\vendor\codeigniter4\framework\system\Database\MySQLi\Connection.php(306): mysqli->query('SELECT *\nFROM `...', 0)
#1 D:\xamp\htdocs\neo\vendor\codeigniter4\framework\system\Database\BaseConnection.php(693): CodeIgniter\Database\MySQLi\Connection->execute('SELECT *\nFROM `...')
#2 D:\xamp\htdocs\neo\vendor\codeigniter4\framework\system\Database\BaseConnection.php(607): CodeIgniter\Database\BaseConnection->simpleQuery('SELECT *\nFROM `...')
#3 D:\xamp\htdocs\neo\vendor\codeigniter4\framework\system\Database\BaseBuilder.php(1616): CodeIgniter\Database\BaseConnection->query('SELECT *\nFROM `...', Array, false)
#4 D:\xamp\htdocs\neo\vendor\codeigniter4\framework\system\Model.php(243): CodeIgniter\Database\BaseBuilder->get()
#5 D:\xamp\htdocs\neo\vendor\codeigniter4\framework\system\BaseModel.php(641): CodeIgniter\Model->doFindAll(0, 0)
#6 D:\xamp\htdocs\neo\app\Controllers\admin\productmanagementController.php(40): CodeIgniter\BaseModel->findAll()
#7 D:\xamp\htdocs\neo\vendor\codeigniter4\framework\system\CodeIgniter.php(943): App\Controllers\admin\ProductmanagementController->index()
#8 D:\xamp\htdocs\neo\vendor\codeigniter4\framework\system\CodeIgniter.php(503): CodeIgniter\CodeIgniter->runController(Object(App\Controllers\admin\ProductmanagementController))
#9 D:\xamp\htdocs\neo\vendor\codeigniter4\framework\system\CodeIgniter.php(361): CodeIgniter\CodeIgniter->handleRequest(NULL, Object(Config\Cache), false)
#10 D:\xamp\htdocs\neo\index.php(79): CodeIgniter\CodeIgniter->run()
#11 {main}
CRITICAL - 2026-05-18 17:17:40 --> CodeIgniter\Database\Exceptions\DatabaseException: Table 'neon.fonts' doesn't exist
in SYSTEMPATH\Database\BaseConnection.php on line 647.
 1 SYSTEMPATH\Database\BaseBuilder.php(1616): CodeIgniter\Database\BaseConnection->query('SELECT *
FROM `fonts`', [], false)
 2 SYSTEMPATH\Model.php(243): CodeIgniter\Database\BaseBuilder->get()
 3 SYSTEMPATH\BaseModel.php(641): CodeIgniter\Model->doFindAll(0, 0)
 4 APPPATH\Controllers\admin\productmanagementController.php(40): CodeIgniter\BaseModel->findAll()
 5 SYSTEMPATH\CodeIgniter.php(943): App\Controllers\admin\ProductmanagementController->index()
 6 SYSTEMPATH\CodeIgniter.php(503): CodeIgniter\CodeIgniter->runController(Object(App\Controllers\admin\ProductmanagementController))
 7 SYSTEMPATH\CodeIgniter.php(361): CodeIgniter\CodeIgniter->handleRequest(null, Object(Config\Cache), false)
 8 FCPATH\index.php(79): CodeIgniter\CodeIgniter->run()
CRITICAL - 2026-05-18 17:17:40 --> [Caused by] CodeIgniter\Database\Exceptions\DatabaseException: Table 'neon.fonts' doesn't exist
in SYSTEMPATH\Database\MySQLi\Connection.php on line 311.
 1 SYSTEMPATH\Database\BaseConnection.php(693): CodeIgniter\Database\MySQLi\Connection->execute('SELECT *
FROM `fonts`')
 2 SYSTEMPATH\Database\BaseConnection.php(607): CodeIgniter\Database\BaseConnection->simpleQuery('SELECT *
FROM `fonts`')
 3 SYSTEMPATH\Database\BaseBuilder.php(1616): CodeIgniter\Database\BaseConnection->query('SELECT *
FROM `fonts`', [], false)
 4 SYSTEMPATH\Model.php(243): CodeIgniter\Database\BaseBuilder->get()
 5 SYSTEMPATH\BaseModel.php(641): CodeIgniter\Model->doFindAll(0, 0)
 6 APPPATH\Controllers\admin\productmanagementController.php(40): CodeIgniter\BaseModel->findAll()
 7 SYSTEMPATH\CodeIgniter.php(943): App\Controllers\admin\ProductmanagementController->index()
 8 SYSTEMPATH\CodeIgniter.php(503): CodeIgniter\CodeIgniter->runController(Object(App\Controllers\admin\ProductmanagementController))
 9 SYSTEMPATH\CodeIgniter.php(361): CodeIgniter\CodeIgniter->handleRequest(null, Object(Config\Cache), false)
10 FCPATH\index.php(79): CodeIgniter\CodeIgniter->run()
CRITICAL - 2026-05-18 17:17:40 --> [Caused by] mysqli_sql_exception: Table 'neon.fonts' doesn't exist
in SYSTEMPATH\Database\MySQLi\Connection.php on line 306.
 1 SYSTEMPATH\Database\MySQLi\Connection.php(306): mysqli->query('SELECT *
FROM `fonts`', 0)
 2 SYSTEMPATH\Database\BaseConnection.php(693): CodeIgniter\Database\MySQLi\Connection->execute('SELECT *
FROM `fonts`')
 3 SYSTEMPATH\Database\BaseConnection.php(607): CodeIgniter\Database\BaseConnection->simpleQuery('SELECT *
FROM `fonts`')
 4 SYSTEMPATH\Database\BaseBuilder.php(1616): CodeIgniter\Database\BaseConnection->query('SELECT *
FROM `fonts`', [], false)
 5 SYSTEMPATH\Model.php(243): CodeIgniter\Database\BaseBuilder->get()
 6 SYSTEMPATH\BaseModel.php(641): CodeIgniter\Model->doFindAll(0, 0)
 7 APPPATH\Controllers\admin\productmanagementController.php(40): CodeIgniter\BaseModel->findAll()
 8 SYSTEMPATH\CodeIgniter.php(943): App\Controllers\admin\ProductmanagementController->index()
 9 SYSTEMPATH\CodeIgniter.php(503): CodeIgniter\CodeIgniter->runController(Object(App\Controllers\admin\ProductmanagementController))
10 SYSTEMPATH\CodeIgniter.php(361): CodeIgniter\CodeIgniter->handleRequest(null, Object(Config\Cache), false)
11 FCPATH\index.php(79): CodeIgniter\CodeIgniter->run()
INFO - 2026-05-18 17:17:41 --> Session: Class initialized using 'CodeIgniter\Session\Handlers\FileHandler' driver.
ERROR - 2026-05-18 17:17:41 --> mysqli_sql_exception: Table 'neon.fonts' doesn't exist in D:\xamp\htdocs\neo\vendor\codeigniter4\framework\system\Database\MySQLi\Connection.php:306
Stack trace:
#0 D:\xamp\htdocs\neo\vendor\codeigniter4\framework\system\Database\MySQLi\Connection.php(306): mysqli->query('SELECT *\nFROM `...', 0)
#1 D:\xamp\htdocs\neo\vendor\codeigniter4\framework\system\Database\BaseConnection.php(693): CodeIgniter\Database\MySQLi\Connection->execute('SELECT *\nFROM `...')
#2 D:\xamp\htdocs\neo\vendor\codeigniter4\framework\system\Database\BaseConnection.php(607): CodeIgniter\Database\BaseConnection->simpleQuery('SELECT *\nFROM `...')
#3 D:\xamp\htdocs\neo\vendor\codeigniter4\framework\system\Database\BaseBuilder.php(1616): CodeIgniter\Database\BaseConnection->query('SELECT *\nFROM `...', Array, false)
#4 D:\xamp\htdocs\neo\vendor\codeigniter4\framework\system\Model.php(243): CodeIgniter\Database\BaseBuilder->get()
#5 D:\xamp\htdocs\neo\vendor\codeigniter4\framework\system\BaseModel.php(641): CodeIgniter\Model->doFindAll(0, 0)
#6 D:\xamp\htdocs\neo\app\Controllers\admin\productmanagementController.php(40): CodeIgniter\BaseModel->findAll()
#7 D:\xamp\htdocs\neo\vendor\codeigniter4\framework\system\CodeIgniter.php(943): App\Controllers\admin\ProductmanagementController->index()
#8 D:\xamp\htdocs\neo\vendor\codeigniter4\framework\system\CodeIgniter.php(503): CodeIgniter\CodeIgniter->runController(Object(App\Controllers\admin\ProductmanagementController))
#9 D:\xamp\htdocs\neo\vendor\codeigniter4\framework\system\CodeIgniter.php(361): CodeIgniter\CodeIgniter->handleRequest(NULL, Object(Config\Cache), false)
#10 D:\xamp\htdocs\neo\index.php(79): CodeIgniter\CodeIgniter->run()
#11 {main}
CRITICAL - 2026-05-18 17:17:41 --> CodeIgniter\Database\Exceptions\DatabaseException: Table 'neon.fonts' doesn't exist
in SYSTEMPATH\Database\BaseConnection.php on line 647.
 1 SYSTEMPATH\Database\BaseBuilder.php(1616): CodeIgniter\Database\BaseConnection->query('SELECT *
FROM `fonts`', [], false)
 2 SYSTEMPATH\Model.php(243): CodeIgniter\Database\BaseBuilder->get()
 3 SYSTEMPATH\BaseModel.php(641): CodeIgniter\Model->doFindAll(0, 0)
 4 APPPATH\Controllers\admin\productmanagementController.php(40): CodeIgniter\BaseModel->findAll()
 5 SYSTEMPATH\CodeIgniter.php(943): App\Controllers\admin\ProductmanagementController->index()
 6 SYSTEMPATH\CodeIgniter.php(503): CodeIgniter\CodeIgniter->runController(Object(App\Controllers\admin\ProductmanagementController))
 7 SYSTEMPATH\CodeIgniter.php(361): CodeIgniter\CodeIgniter->handleRequest(null, Object(Config\Cache), false)
 8 FCPATH\index.php(79): CodeIgniter\CodeIgniter->run()
CRITICAL - 2026-05-18 17:17:41 --> [Caused by] CodeIgniter\Database\Exceptions\DatabaseException: Table 'neon.fonts' doesn't exist
in SYSTEMPATH\Database\MySQLi\Connection.php on line 311.
 1 SYSTEMPATH\Database\BaseConnection.php(693): CodeIgniter\Database\MySQLi\Connection->execute('SELECT *
FROM `fonts`')
 2 SYSTEMPATH\Database\BaseConnection.php(607): CodeIgniter\Database\BaseConnection->simpleQuery('SELECT *
FROM `fonts`')
 3 SYSTEMPATH\Database\BaseBuilder.php(1616): CodeIgniter\Database\BaseConnection->query('SELECT *
FROM `fonts`', [], false)
 4 SYSTEMPATH\Model.php(243): CodeIgniter\Database\BaseBuilder->get()
 5 SYSTEMPATH\BaseModel.php(641): CodeIgniter\Model->doFindAll(0, 0)
 6 APPPATH\Controllers\admin\productmanagementController.php(40): CodeIgniter\BaseModel->findAll()
 7 SYSTEMPATH\CodeIgniter.php(943): App\Controllers\admin\ProductmanagementController->index()
 8 SYSTEMPATH\CodeIgniter.php(503): CodeIgniter\CodeIgniter->runController(Object(App\Controllers\admin\ProductmanagementController))
 9 SYSTEMPATH\CodeIgniter.php(361): CodeIgniter\CodeIgniter->handleRequest(null, Object(Config\Cache), false)
10 FCPATH\index.php(79): CodeIgniter\CodeIgniter->run()
CRITICAL - 2026-05-18 17:17:41 --> [Caused by] mysqli_sql_exception: Table 'neon.fonts' doesn't exist
in SYSTEMPATH\Database\MySQLi\Connection.php on line 306.
 1 SYSTEMPATH\Database\MySQLi\Connection.php(306): mysqli->query('SELECT *
FROM `fonts`', 0)
 2 SYSTEMPATH\Database\BaseConnection.php(693): CodeIgniter\Database\MySQLi\Connection->execute('SELECT *
FROM `fonts`')
 3 SYSTEMPATH\Database\BaseConnection.php(607): CodeIgniter\Database\BaseConnection->simpleQuery('SELECT *
FROM `fonts`')
 4 SYSTEMPATH\Database\BaseBuilder.php(1616): CodeIgniter\Database\BaseConnection->query('SELECT *
FROM `fonts`', [], false)
 5 SYSTEMPATH\Model.php(243): CodeIgniter\Database\BaseBuilder->get()
 6 SYSTEMPATH\BaseModel.php(641): CodeIgniter\Model->doFindAll(0, 0)
 7 APPPATH\Controllers\admin\productmanagementController.php(40): CodeIgniter\BaseModel->findAll()
 8 SYSTEMPATH\CodeIgniter.php(943): App\Controllers\admin\ProductmanagementController->index()
 9 SYSTEMPATH\CodeIgniter.php(503): CodeIgniter\CodeIgniter->runController(Object(App\Controllers\admin\ProductmanagementController))
10 SYSTEMPATH\CodeIgniter.php(361): CodeIgniter\CodeIgniter->handleRequest(null, Object(Config\Cache), false)
11 FCPATH\index.php(79): CodeIgniter\CodeIgniter->run()
INFO - 2026-05-18 17:18:34 --> Session: Class initialized using 'CodeIgniter\Session\Handlers\FileHandler' driver.
CRITICAL - 2026-05-18 17:18:34 --> ErrorException: Attempt to read property "id" on array
in APPPATH\Views\admin\productmanagement\index.php on line 248.
 1 APPPATH\Views\admin\productmanagement\index.php(248): CodeIgniter\Debug\Exceptions->errorHandler(2, 'Attempt to read property "id" on array', 'D:\\xamp\\htdocs\\neo\\app\\Views\\admin\\productmanagement\\index.php', 248)
 2 SYSTEMPATH\View\View.php(228): include('D:\\xamp\\htdocs\\neo\\app\\Views\\admin\\productmanagement\\index.php')
 3 SYSTEMPATH\View\View.php(231): CodeIgniter\View\View->CodeIgniter\View\{closure}()
 4 SYSTEMPATH\Common.php(1178): CodeIgniter\View\View->render('admin/productmanagement/index', [], true)
 5 APPPATH\Controllers\admin\productmanagementController.php(42): view('admin/productmanagement/index', [...])
 6 SYSTEMPATH\CodeIgniter.php(943): App\Controllers\admin\ProductmanagementController->index()
 7 SYSTEMPATH\CodeIgniter.php(503): CodeIgniter\CodeIgniter->runController(Object(App\Controllers\admin\ProductmanagementController))
 8 SYSTEMPATH\CodeIgniter.php(361): CodeIgniter\CodeIgniter->handleRequest(null, Object(Config\Cache), false)
 9 FCPATH\index.php(79): CodeIgniter\CodeIgniter->run()
INFO - 2026-05-18 17:19:39 --> Session: Class initialized using 'CodeIgniter\Session\Handlers\FileHandler' driver.
INFO - 2026-05-18 17:19:40 --> Session: Class initialized using 'CodeIgniter\Session\Handlers\FileHandler' driver.
INFO - 2026-05-18 17:21:59 --> Session: Class initialized using 'CodeIgniter\Session\Handlers\FileHandler' driver.
CRITICAL - 2026-05-18 17:21:59 --> ErrorException: Undefined array key "base_price"
in APPPATH\Views\admin\productmanagement\index.php on line 248.
 1 APPPATH\Views\admin\productmanagement\index.php(248): CodeIgniter\Debug\Exceptions->errorHandler(2, 'Undefined array key "base_price"', 'D:\\xamp\\htdocs\\neo\\app\\Views\\admin\\productmanagement\\index.php', 248)
 2 SYSTEMPATH\View\View.php(228): include('D:\\xamp\\htdocs\\neo\\app\\Views\\admin\\productmanagement\\index.php')
 3 SYSTEMPATH\View\View.php(231): CodeIgniter\View\View->CodeIgniter\View\{closure}()
 4 SYSTEMPATH\Common.php(1178): CodeIgniter\View\View->render('admin/productmanagement/index', [], true)
 5 APPPATH\Controllers\admin\productmanagementController.php(42): view('admin/productmanagement/index', [...])
 6 SYSTEMPATH\CodeIgniter.php(943): App\Controllers\admin\ProductmanagementController->index()
 7 SYSTEMPATH\CodeIgniter.php(503): CodeIgniter\CodeIgniter->runController(Object(App\Controllers\admin\ProductmanagementController))
 8 SYSTEMPATH\CodeIgniter.php(361): CodeIgniter\CodeIgniter->handleRequest(null, Object(Config\Cache), false)
 9 FCPATH\index.php(79): CodeIgniter\CodeIgniter->run()
INFO - 2026-05-18 17:22:20 --> Session: Class initialized using 'CodeIgniter\Session\Handlers\FileHandler' driver.
INFO - 2026-05-18 17:22:21 --> Session: Class initialized using 'CodeIgniter\Session\Handlers\FileHandler' driver.
INFO - 2026-05-18 17:24:04 --> Session: Class initialized using 'CodeIgniter\Session\Handlers\FileHandler' driver.
INFO - 2026-05-18 17:24:06 --> Session: Class initialized using 'CodeIgniter\Session\Handlers\FileHandler' driver.
INFO - 2026-05-18 17:25:50 --> Session: Class initialized using 'CodeIgniter\Session\Handlers\FileHandler' driver.
INFO - 2026-05-18 17:25:51 --> Session: Class initialized using 'CodeIgniter\Session\Handlers\FileHandler' driver.
INFO - 2026-05-18 17:27:19 --> Session: Class initialized using 'CodeIgniter\Session\Handlers\FileHandler' driver.
INFO - 2026-05-18 17:27:20 --> Session: Class initialized using 'CodeIgniter\Session\Handlers\FileHandler' driver.
INFO - 2026-05-18 17:28:11 --> Session: Class initialized using 'CodeIgniter\Session\Handlers\FileHandler' driver.
INFO - 2026-05-18 17:28:13 --> Session: Class initialized using 'CodeIgniter\Session\Handlers\FileHandler' driver.
INFO - 2026-05-18 17:28:50 --> Session: Class initialized using 'CodeIgniter\Session\Handlers\FileHandler' driver.
INFO - 2026-05-18 17:28:54 --> Session: Class initialized using 'CodeIgniter\Session\Handlers\FileHandler' driver.
INFO - 2026-05-18 17:37:44 --> Session: Class initialized using 'CodeIgniter\Session\Handlers\FileHandler' driver.
INFO - 2026-05-18 17:37:44 --> Session: Class initialized using 'CodeIgniter\Session\Handlers\FileHandler' driver.
INFO - 2026-05-18 17:48:43 --> Session: Class initialized using 'CodeIgniter\Session\Handlers\FileHandler' driver.
INFO - 2026-05-18 17:49:50 --> Session: Class initialized using 'CodeIgniter\Session\Handlers\FileHandler' driver.
INFO - 2026-05-18 17:49:59 --> Session: Class initialized using 'CodeIgniter\Session\Handlers\FileHandler' driver.
INFO - 2026-05-18 17:50:00 --> Session: Class initialized using 'CodeIgniter\Session\Handlers\FileHandler' driver.
INFO - 2026-05-18 17:50:00 --> Session: Class initialized using 'CodeIgniter\Session\Handlers\FileHandler' driver.
INFO - 2026-05-18 17:50:27 --> Session: Class initialized using 'CodeIgniter\Session\Handlers\FileHandler' driver.
INFO - 2026-05-18 17:50:27 --> Session: Class initialized using 'CodeIgniter\Session\Handlers\FileHandler' driver.
INFO - 2026-05-18 17:50:38 --> Session: Class initialized using 'CodeIgniter\Session\Handlers\FileHandler' driver.
INFO - 2026-05-18 17:50:43 --> Session: Class initialized using 'CodeIgniter\Session\Handlers\FileHandler' driver.
INFO - 2026-05-18 17:50:44 --> Session: Class initialized using 'CodeIgniter\Session\Handlers\FileHandler' driver.
INFO - 2026-05-18 17:50:49 --> Session: Class initialized using 'CodeIgniter\Session\Handlers\FileHandler' driver.
INFO - 2026-05-18 17:50:50 --> Session: Class initialized using 'CodeIgniter\Session\Handlers\FileHandler' driver.
INFO - 2026-05-18 17:50:50 --> Session: Class initialized using 'CodeIgniter\Session\Handlers\FileHandler' driver.
INFO - 2026-05-18 17:51:03 --> Session: Class initialized using 'CodeIgniter\Session\Handlers\FileHandler' driver.
INFO - 2026-05-18 17:51:03 --> Session: Class initialized using 'CodeIgniter\Session\Handlers\FileHandler' driver.
INFO - 2026-05-18 17:51:05 --> Session: Class initialized using 'CodeIgniter\Session\Handlers\FileHandler' driver.
INFO - 2026-05-18 17:51:06 --> Session: Class initialized using 'CodeIgniter\Session\Handlers\FileHandler' driver.
INFO - 2026-05-18 17:51:18 --> Session: Class initialized using 'CodeIgniter\Session\Handlers\FileHandler' driver.
INFO - 2026-05-18 17:51:26 --> Session: Class initialized using 'CodeIgniter\Session\Handlers\FileHandler' driver.
INFO - 2026-05-18 17:51:54 --> Session: Class initialized using 'CodeIgniter\Session\Handlers\FileHandler' driver.
INFO - 2026-05-18 17:51:54 --> Session: Class initialized using 'CodeIgniter\Session\Handlers\FileHandler' driver.
INFO - 2026-05-18 17:52:01 --> Session: Class initialized using 'CodeIgniter\Session\Handlers\FileHandler' driver.
INFO - 2026-05-18 17:52:02 --> Session: Class initialized using 'CodeIgniter\Session\Handlers\FileHandler' driver.
INFO - 2026-05-18 17:52:04 --> Session: Class initialized using 'CodeIgniter\Session\Handlers\FileHandler' driver.
INFO - 2026-05-18 17:52:10 --> Session: Class initialized using 'CodeIgniter\Session\Handlers\FileHandler' driver.
INFO - 2026-05-18 17:52:12 --> Session: Class initialized using 'CodeIgniter\Session\Handlers\FileHandler' driver.
INFO - 2026-05-18 17:57:53 --> Session: Class initialized using 'CodeIgniter\Session\Handlers\FileHandler' driver.
INFO - 2026-05-18 17:58:05 --> Session: Class initialized using 'CodeIgniter\Session\Handlers\FileHandler' driver.
INFO - 2026-05-18 17:58:05 --> Session: Class initialized using 'CodeIgniter\Session\Handlers\FileHandler' driver.
INFO - 2026-05-18 17:58:17 --> Session: Class initialized using 'CodeIgniter\Session\Handlers\FileHandler' driver.
INFO - 2026-05-18 17:58:18 --> Session: Class initialized using 'CodeIgniter\Session\Handlers\FileHandler' driver.
INFO - 2026-05-18 17:58:24 --> Session: Class initialized using 'CodeIgniter\Session\Handlers\FileHandler' driver.
INFO - 2026-05-18 17:58:24 --> Session: Class initialized using 'CodeIgniter\Session\Handlers\FileHandler' driver.
INFO - 2026-05-18 17:58:42 --> Session: Class initialized using 'CodeIgniter\Session\Handlers\FileHandler' driver.
INFO - 2026-05-18 17:58:43 --> Session: Class initialized using 'CodeIgniter\Session\Handlers\FileHandler' driver.
INFO - 2026-05-18 17:59:16 --> Session: Class initialized using 'CodeIgniter\Session\Handlers\FileHandler' driver.
INFO - 2026-05-18 17:59:30 --> Session: Class initialized using 'CodeIgniter\Session\Handlers\FileHandler' driver.
INFO - 2026-05-18 17:59:30 --> Session: Class initialized using 'CodeIgniter\Session\Handlers\FileHandler' driver.
INFO - 2026-05-18 18:00:40 --> Session: Class initialized using 'CodeIgniter\Session\Handlers\FileHandler' driver.
INFO - 2026-05-18 18:00:40 --> Session: Class initialized using 'CodeIgniter\Session\Handlers\FileHandler' driver.
INFO - 2026-05-18 18:01:06 --> Session: Class initialized using 'CodeIgniter\Session\Handlers\FileHandler' driver.
INFO - 2026-05-18 18:01:06 --> Session: Class initialized using 'CodeIgniter\Session\Handlers\FileHandler' driver.
INFO - 2026-05-18 18:01:19 --> Session: Class initialized using 'CodeIgniter\Session\Handlers\FileHandler' driver.
INFO - 2026-05-18 18:01:20 --> Session: Class initialized using 'CodeIgniter\Session\Handlers\FileHandler' driver.
INFO - 2026-05-18 18:01:25 --> Session: Class initialized using 'CodeIgniter\Session\Handlers\FileHandler' driver.
INFO - 2026-05-18 18:01:40 --> Session: Class initialized using 'CodeIgniter\Session\Handlers\FileHandler' driver.
INFO - 2026-05-18 18:01:49 --> Session: Class initialized using 'CodeIgniter\Session\Handlers\FileHandler' driver.
INFO - 2026-05-18 18:01:50 --> Session: Class initialized using 'CodeIgniter\Session\Handlers\FileHandler' driver.
INFO - 2026-05-18 18:05:17 --> Session: Class initialized using 'CodeIgniter\Session\Handlers\FileHandler' driver.
INFO - 2026-05-18 18:05:27 --> Session: Class initialized using 'CodeIgniter\Session\Handlers\FileHandler' driver.
INFO - 2026-05-18 18:05:28 --> Session: Class initialized using 'CodeIgniter\Session\Handlers\FileHandler' driver.
INFO - 2026-05-18 18:06:12 --> Session: Class initialized using 'CodeIgniter\Session\Handlers\FileHandler' driver.
INFO - 2026-05-18 18:06:13 --> Session: Class initialized using 'CodeIgniter\Session\Handlers\FileHandler' driver.
INFO - 2026-05-18 18:06:42 --> Session: Class initialized using 'CodeIgniter\Session\Handlers\FileHandler' driver.
INFO - 2026-05-18 18:06:43 --> Session: Class initialized using 'CodeIgniter\Session\Handlers\FileHandler' driver.
INFO - 2026-05-18 18:07:24 --> Session: Class initialized using 'CodeIgniter\Session\Handlers\FileHandler' driver.
INFO - 2026-05-18 18:08:05 --> Session: Class initialized using 'CodeIgniter\Session\Handlers\FileHandler' driver.
INFO - 2026-05-18 18:08:05 --> Session: Class initialized using 'CodeIgniter\Session\Handlers\FileHandler' driver.
INFO - 2026-05-18 18:08:17 --> Session: Class initialized using 'CodeIgniter\Session\Handlers\FileHandler' driver.
INFO - 2026-05-18 18:08:31 --> Session: Class initialized using 'CodeIgniter\Session\Handlers\FileHandler' driver.
INFO - 2026-05-18 18:08:31 --> Session: Class initialized using 'CodeIgniter\Session\Handlers\FileHandler' driver.
INFO - 2026-05-18 18:09:12 --> Session: Class initialized using 'CodeIgniter\Session\Handlers\FileHandler' driver.
INFO - 2026-05-18 18:09:13 --> Session: Class initialized using 'CodeIgniter\Session\Handlers\FileHandler' driver.
INFO - 2026-05-18 18:09:41 --> Session: Class initialized using 'CodeIgniter\Session\Handlers\FileHandler' driver.
INFO - 2026-05-18 18:09:41 --> Session: Class initialized using 'CodeIgniter\Session\Handlers\FileHandler' driver.
INFO - 2026-05-18 18:09:54 --> Session: Class initialized using 'CodeIgniter\Session\Handlers\FileHandler' driver.
INFO - 2026-05-18 18:10:16 --> Session: Class initialized using 'CodeIgniter\Session\Handlers\FileHandler' driver.
INFO - 2026-05-18 18:10:34 --> Session: Class initialized using 'CodeIgniter\Session\Handlers\FileHandler' driver.
CRITICAL - 2026-05-18 18:10:34 --> TypeError: Cannot access offset of type string on string
in APPPATH\Controllers\admin\productmanagementController.php on line 619.
 1 SYSTEMPATH\CodeIgniter.php(943): App\Controllers\admin\ProductmanagementController->save()
 2 SYSTEMPATH\CodeIgniter.php(503): CodeIgniter\CodeIgniter->runController(Object(App\Controllers\admin\ProductmanagementController))
 3 SYSTEMPATH\CodeIgniter.php(361): CodeIgniter\CodeIgniter->handleRequest(null, Object(Config\Cache), false)
 4 FCPATH\index.php(79): CodeIgniter\CodeIgniter->run()
INFO - 2026-05-18 18:11:54 --> Session: Class initialized using 'CodeIgniter\Session\Handlers\FileHandler' driver.
INFO - 2026-05-18 18:12:01 --> Session: Class initialized using 'CodeIgniter\Session\Handlers\FileHandler' driver.
INFO - 2026-05-18 18:12:06 --> Session: Class initialized using 'CodeIgniter\Session\Handlers\FileHandler' driver.
CRITICAL - 2026-05-18 18:12:06 --> TypeError: Cannot access offset of type string on string
in APPPATH\Controllers\admin\productmanagementController.php on line 619.
 1 SYSTEMPATH\CodeIgniter.php(943): App\Controllers\admin\ProductmanagementController->save()
 2 SYSTEMPATH\CodeIgniter.php(503): CodeIgniter\CodeIgniter->runController(Object(App\Controllers\admin\ProductmanagementController))
 3 SYSTEMPATH\CodeIgniter.php(361): CodeIgniter\CodeIgniter->handleRequest(null, Object(Config\Cache), false)
 4 FCPATH\index.php(79): CodeIgniter\CodeIgniter->run()
INFO - 2026-05-18 18:13:00 --> Session: Class initialized using 'CodeIgniter\Session\Handlers\FileHandler' driver.
ERROR - 2026-05-18 18:13:01 --> mysqli_sql_exception: Table 'neon.product_customization' doesn't exist in D:\xamp\htdocs\neo\vendor\codeigniter4\framework\system\Database\MySQLi\Connection.php:306
Stack trace:
#0 D:\xamp\htdocs\neo\vendor\codeigniter4\framework\system\Database\MySQLi\Connection.php(306): mysqli->query('INSERT INTO `pr...', 0)
#1 D:\xamp\htdocs\neo\vendor\codeigniter4\framework\system\Database\BaseConnection.php(693): CodeIgniter\Database\MySQLi\Connection->execute('INSERT INTO `pr...')
#2 D:\xamp\htdocs\neo\vendor\codeigniter4\framework\system\Database\BaseConnection.php(607): CodeIgniter\Database\BaseConnection->simpleQuery('INSERT INTO `pr...')
#3 D:\xamp\htdocs\neo\vendor\codeigniter4\framework\system\Database\BaseBuilder.php(1803): CodeIgniter\Database\BaseConnection->query('INSERT INTO `pr...', NULL, false)
#4 D:\xamp\htdocs\neo\vendor\codeigniter4\framework\system\Database\BaseBuilder.php(2192): CodeIgniter\Database\BaseBuilder->batchExecute('_insertBatch', 100)
#5 D:\xamp\htdocs\neo\vendor\codeigniter4\framework\system\Model.php(361): CodeIgniter\Database\BaseBuilder->insertBatch(Array, NULL, 100)
#6 D:\xamp\htdocs\neo\vendor\codeigniter4\framework\system\BaseModel.php(922): CodeIgniter\Model->doInsertBatch(Array, NULL, 100, false)
#7 D:\xamp\htdocs\neo\app\Controllers\admin\productmanagementController.php(627): CodeIgniter\BaseModel->insertBatch(Array)
#8 D:\xamp\htdocs\neo\vendor\codeigniter4\framework\system\CodeIgniter.php(943): App\Controllers\admin\ProductmanagementController->save()
#9 D:\xamp\htdocs\neo\vendor\codeigniter4\framework\system\CodeIgniter.php(503): CodeIgniter\CodeIgniter->runController(Object(App\Controllers\admin\ProductmanagementController))
#10 D:\xamp\htdocs\neo\vendor\codeigniter4\framework\system\CodeIgniter.php(361): CodeIgniter\CodeIgniter->handleRequest(NULL, Object(Config\Cache), false)
#11 D:\xamp\htdocs\neo\index.php(79): CodeIgniter\CodeIgniter->run()
#12 {main}
CRITICAL - 2026-05-18 18:13:01 --> CodeIgniter\Database\Exceptions\DatabaseException: Table 'neon.product_customization' doesn't exist
in SYSTEMPATH\Database\BaseConnection.php on line 647.
 1 SYSTEMPATH\Database\BaseBuilder.php(1803): CodeIgniter\Database\BaseConnection->query('INSERT INTO `product_customization` (`base_price`, `created_at`, `extra_letter_price`, `font_name`, `product_id`, `status`, `updated_at`)
VALUES (\'1500\',\'2026-05-18 18:13:01\',\'500\',\'1\',34,1,\'2026-05-18 18:13:01\'), (\'1000\',\'2026-05-18 18:13:01\',\'300\',\'2\',34,1,\'2026-05-18 18:13:01\'), (\'1300\',\'2026-05-18 18:13:01\',\'700\',\'11\',34,1,\'2026-05-18 18:13:01\')', null, false)
 2 SYSTEMPATH\Database\BaseBuilder.php(2192): CodeIgniter\Database\BaseBuilder->batchExecute('_insertBatch', 100)
 3 SYSTEMPATH\Model.php(361): CodeIgniter\Database\BaseBuilder->insertBatch([...], null, 100)
 4 SYSTEMPATH\BaseModel.php(922): CodeIgniter\Model->doInsertBatch([...], null, 100, false)
 5 APPPATH\Controllers\admin\productmanagementController.php(627): CodeIgniter\BaseModel->insertBatch([...])
 6 SYSTEMPATH\CodeIgniter.php(943): App\Controllers\admin\ProductmanagementController->save()
 7 SYSTEMPATH\CodeIgniter.php(503): CodeIgniter\CodeIgniter->runController(Object(App\Controllers\admin\ProductmanagementController))
 8 SYSTEMPATH\CodeIgniter.php(361): CodeIgniter\CodeIgniter->handleRequest(null, Object(Config\Cache), false)
 9 FCPATH\index.php(79): CodeIgniter\CodeIgniter->run()
CRITICAL - 2026-05-18 18:13:01 --> [Caused by] CodeIgniter\Database\Exceptions\DatabaseException: Table 'neon.product_customization' doesn't exist
in SYSTEMPATH\Database\MySQLi\Connection.php on line 311.
 1 SYSTEMPATH\Database\BaseConnection.php(693): CodeIgniter\Database\MySQLi\Connection->execute('INSERT INTO `product_customization` (`base_price`, `created_at`, `extra_letter_price`, `font_name`, `product_id`, `status`, `updated_at`)
VALUES (\'1500\',\'2026-05-18 18:13:01\',\'500\',\'1\',34,1,\'2026-05-18 18:13:01\'), (\'1000\',\'2026-05-18 18:13:01\',\'300\',\'2\',34,1,\'2026-05-18 18:13:01\'), (\'1300\',\'2026-05-18 18:13:01\',\'700\',\'11\',34,1,\'2026-05-18 18:13:01\')')
 2 SYSTEMPATH\Database\BaseConnection.php(607): CodeIgniter\Database\BaseConnection->simpleQuery('INSERT INTO `product_customization` (`base_price`, `created_at`, `extra_letter_price`, `font_name`, `product_id`, `status`, `updated_at`)
VALUES (\'1500\',\'2026-05-18 18:13:01\',\'500\',\'1\',34,1,\'2026-05-18 18:13:01\'), (\'1000\',\'2026-05-18 18:13:01\',\'300\',\'2\',34,1,\'2026-05-18 18:13:01\'), (\'1300\',\'2026-05-18 18:13:01\',\'700\',\'11\',34,1,\'2026-05-18 18:13:01\')')
 3 SYSTEMPATH\Database\BaseBuilder.php(1803): CodeIgniter\Database\BaseConnection->query('INSERT INTO `product_customization` (`base_price`, `created_at`, `extra_letter_price`, `font_name`, `product_id`, `status`, `updated_at`)
VALUES (\'1500\',\'2026-05-18 18:13:01\',\'500\',\'1\',34,1,\'2026-05-18 18:13:01\'), (\'1000\',\'2026-05-18 18:13:01\',\'300\',\'2\',34,1,\'2026-05-18 18:13:01\'), (\'1300\',\'2026-05-18 18:13:01\',\'700\',\'11\',34,1,\'2026-05-18 18:13:01\')', null, false)
 4 SYSTEMPATH\Database\BaseBuilder.php(2192): CodeIgniter\Database\BaseBuilder->batchExecute('_insertBatch', 100)
 5 SYSTEMPATH\Model.php(361): CodeIgniter\Database\BaseBuilder->insertBatch([...], null, 100)
 6 SYSTEMPATH\BaseModel.php(922): CodeIgniter\Model->doInsertBatch([...], null, 100, false)
 7 APPPATH\Controllers\admin\productmanagementController.php(627): CodeIgniter\BaseModel->insertBatch([...])
 8 SYSTEMPATH\CodeIgniter.php(943): App\Controllers\admin\ProductmanagementController->save()
 9 SYSTEMPATH\CodeIgniter.php(503): CodeIgniter\CodeIgniter->runController(Object(App\Controllers\admin\ProductmanagementController))
10 SYSTEMPATH\CodeIgniter.php(361): CodeIgniter\CodeIgniter->handleRequest(null, Object(Config\Cache), false)
11 FCPATH\index.php(79): CodeIgniter\CodeIgniter->run()
CRITICAL - 2026-05-18 18:13:01 --> [Caused by] mysqli_sql_exception: Table 'neon.product_customization' doesn't exist
in SYSTEMPATH\Database\MySQLi\Connection.php on line 306.
 1 SYSTEMPATH\Database\MySQLi\Connection.php(306): mysqli->query('INSERT INTO `product_customization` (`base_price`, `created_at`, `extra_letter_price`, `font_name`, `product_id`, `status`, `updated_at`)
VALUES (\'1500\',\'2026-05-18 18:13:01\',\'500\',\'1\',34,1,\'2026-05-18 18:13:01\'), (\'1000\',\'2026-05-18 18:13:01\',\'300\',\'2\',34,1,\'2026-05-18 18:13:01\'), (\'1300\',\'2026-05-18 18:13:01\',\'700\',\'11\',34,1,\'2026-05-18 18:13:01\')', 0)
 2 SYSTEMPATH\Database\BaseConnection.php(693): CodeIgniter\Database\MySQLi\Connection->execute('INSERT INTO `product_customization` (`base_price`, `created_at`, `extra_letter_price`, `font_name`, `product_id`, `status`, `updated_at`)
VALUES (\'1500\',\'2026-05-18 18:13:01\',\'500\',\'1\',34,1,\'2026-05-18 18:13:01\'), (\'1000\',\'2026-05-18 18:13:01\',\'300\',\'2\',34,1,\'2026-05-18 18:13:01\'), (\'1300\',\'2026-05-18 18:13:01\',\'700\',\'11\',34,1,\'2026-05-18 18:13:01\')')
 3 SYSTEMPATH\Database\BaseConnection.php(607): CodeIgniter\Database\BaseConnection->simpleQuery('INSERT INTO `product_customization` (`base_price`, `created_at`, `extra_letter_price`, `font_name`, `product_id`, `status`, `updated_at`)
VALUES (\'1500\',\'2026-05-18 18:13:01\',\'500\',\'1\',34,1,\'2026-05-18 18:13:01\'), (\'1000\',\'2026-05-18 18:13:01\',\'300\',\'2\',34,1,\'2026-05-18 18:13:01\'), (\'1300\',\'2026-05-18 18:13:01\',\'700\',\'11\',34,1,\'2026-05-18 18:13:01\')')
 4 SYSTEMPATH\Database\BaseBuilder.php(1803): CodeIgniter\Database\BaseConnection->query('INSERT INTO `product_customization` (`base_price`, `created_at`, `extra_letter_price`, `font_name`, `product_id`, `status`, `updated_at`)
VALUES (\'1500\',\'2026-05-18 18:13:01\',\'500\',\'1\',34,1,\'2026-05-18 18:13:01\'), (\'1000\',\'2026-05-18 18:13:01\',\'300\',\'2\',34,1,\'2026-05-18 18:13:01\'), (\'1300\',\'2026-05-18 18:13:01\',\'700\',\'11\',34,1,\'2026-05-18 18:13:01\')', null, false)
 5 SYSTEMPATH\Database\BaseBuilder.php(2192): CodeIgniter\Database\BaseBuilder->batchExecute('_insertBatch', 100)
 6 SYSTEMPATH\Model.php(361): CodeIgniter\Database\BaseBuilder->insertBatch([...], null, 100)
 7 SYSTEMPATH\BaseModel.php(922): CodeIgniter\Model->doInsertBatch([...], null, 100, false)
 8 APPPATH\Controllers\admin\productmanagementController.php(627): CodeIgniter\BaseModel->insertBatch([...])
 9 SYSTEMPATH\CodeIgniter.php(943): App\Controllers\admin\ProductmanagementController->save()
10 SYSTEMPATH\CodeIgniter.php(503): CodeIgniter\CodeIgniter->runController(Object(App\Controllers\admin\ProductmanagementController))
11 SYSTEMPATH\CodeIgniter.php(361): CodeIgniter\CodeIgniter->handleRequest(null, Object(Config\Cache), false)
12 FCPATH\index.php(79): CodeIgniter\CodeIgniter->run()
INFO - 2026-05-18 18:13:34 --> Session: Class initialized using 'CodeIgniter\Session\Handlers\FileHandler' driver.
INFO - 2026-05-18 18:13:34 --> Session: Class initialized using 'CodeIgniter\Session\Handlers\FileHandler' driver.
INFO - 2026-05-18 18:13:46 --> Session: Class initialized using 'CodeIgniter\Session\Handlers\FileHandler' driver.
INFO - 2026-05-18 18:13:47 --> Session: Class initialized using 'CodeIgniter\Session\Handlers\FileHandler' driver.
INFO - 2026-05-18 18:13:47 --> Session: Class initialized using 'CodeIgniter\Session\Handlers\FileHandler' driver.
INFO - 2026-05-18 18:14:01 --> Session: Class initialized using 'CodeIgniter\Session\Handlers\FileHandler' driver.
INFO - 2026-05-18 18:14:02 --> Session: Class initialized using 'CodeIgniter\Session\Handlers\FileHandler' driver.
INFO - 2026-05-18 18:14:38 --> Session: Class initialized using 'CodeIgniter\Session\Handlers\FileHandler' driver.
INFO - 2026-05-18 18:14:39 --> Session: Class initialized using 'CodeIgniter\Session\Handlers\FileHandler' driver.
INFO - 2026-05-18 18:14:42 --> Session: Class initialized using 'CodeIgniter\Session\Handlers\FileHandler' driver.
INFO - 2026-05-18 18:14:43 --> Session: Class initialized using 'CodeIgniter\Session\Handlers\FileHandler' driver.
INFO - 2026-05-18 18:14:43 --> Session: Class initialized using 'CodeIgniter\Session\Handlers\FileHandler' driver.
INFO - 2026-05-18 18:16:45 --> Session: Class initialized using 'CodeIgniter\Session\Handlers\FileHandler' driver.
INFO - 2026-05-18 18:16:47 --> Session: Class initialized using 'CodeIgniter\Session\Handlers\FileHandler' driver.
INFO - 2026-05-18 18:17:04 --> Session: Class initialized using 'CodeIgniter\Session\Handlers\FileHandler' driver.
INFO - 2026-05-18 18:17:04 --> Session: Class initialized using 'CodeIgniter\Session\Handlers\FileHandler' driver.
INFO - 2026-05-18 18:17:20 --> Session: Class initialized using 'CodeIgniter\Session\Handlers\FileHandler' driver.
INFO - 2026-05-18 18:17:21 --> Session: Class initialized using 'CodeIgniter\Session\Handlers\FileHandler' driver.
INFO - 2026-05-18 18:17:26 --> Session: Class initialized using 'CodeIgniter\Session\Handlers\FileHandler' driver.
INFO - 2026-05-18 18:17:26 --> Session: Class initialized using 'CodeIgniter\Session\Handlers\FileHandler' driver.
INFO - 2026-05-18 18:17:32 --> Session: Class initialized using 'CodeIgniter\Session\Handlers\FileHandler' driver.
INFO - 2026-05-18 18:17:33 --> Session: Class initialized using 'CodeIgniter\Session\Handlers\FileHandler' driver.
INFO - 2026-05-18 18:17:33 --> Session: Class initialized using 'CodeIgniter\Session\Handlers\FileHandler' driver.
INFO - 2026-05-18 18:17:43 --> Session: Class initialized using 'CodeIgniter\Session\Handlers\FileHandler' driver.
INFO - 2026-05-18 18:17:43 --> Session: Class initialized using 'CodeIgniter\Session\Handlers\FileHandler' driver.
INFO - 2026-05-18 18:20:59 --> Session: Class initialized using 'CodeIgniter\Session\Handlers\FileHandler' driver.
CRITICAL - 2026-05-18 18:20:59 --> ErrorException: Undefined property: stdClass::$product_type
in APPPATH\Views\frontend\products\custom_products.php on line 37.
 1 APPPATH\Views\frontend\products\custom_products.php(37): CodeIgniter\Debug\Exceptions->errorHandler(2, 'Undefined property: stdClass::$product_type', 'D:\\xamp\\htdocs\\neo\\app\\Views\\frontend\\products\\custom_products.php', 37)
 2 SYSTEMPATH\View\View.php(228): include('D:\\xamp\\htdocs\\neo\\app\\Views\\frontend\\products\\custom_products.php')
 3 SYSTEMPATH\View\View.php(231): CodeIgniter\View\View->CodeIgniter\View\{closure}()
 4 SYSTEMPATH\Common.php(1178): CodeIgniter\View\View->render('frontend/products/custom_products', [], true)
 5 APPPATH\Views\frontend\collections\collections.php(33): view('frontend/products/custom_products', [...])
 6 SYSTEMPATH\View\View.php(228): include('D:\\xamp\\htdocs\\neo\\app\\Views\\frontend\\collections\\collections.php')
 7 SYSTEMPATH\View\View.php(231): CodeIgniter\View\View->CodeIgniter\View\{closure}()
 8 SYSTEMPATH\Common.php(1178): CodeIgniter\View\View->render('frontend/collections/collections', [], true)
 9 APPPATH\Controllers\CollectionsController.php(6): view('frontend/collections/collections', [...])
10 SYSTEMPATH\CodeIgniter.php(943): App\Controllers\CollectionsController->index('customize')
11 SYSTEMPATH\CodeIgniter.php(503): CodeIgniter\CodeIgniter->runController(Object(App\Controllers\CollectionsController))
12 SYSTEMPATH\CodeIgniter.php(361): CodeIgniter\CodeIgniter->handleRequest(null, Object(Config\Cache), false)
13 FCPATH\index.php(79): CodeIgniter\CodeIgniter->run()
INFO - 2026-05-18 18:21:32 --> Session: Class initialized using 'CodeIgniter\Session\Handlers\FileHandler' driver.
CRITICAL - 2026-05-18 18:21:32 --> ErrorException: Undefined property: stdClass::$product_type
in APPPATH\Views\frontend\products\custom_products.php on line 37.
 1 APPPATH\Views\frontend\products\custom_products.php(37): CodeIgniter\Debug\Exceptions->errorHandler(2, 'Undefined property: stdClass::$product_type', 'D:\\xamp\\htdocs\\neo\\app\\Views\\frontend\\products\\custom_products.php', 37)
 2 SYSTEMPATH\View\View.php(228): include('D:\\xamp\\htdocs\\neo\\app\\Views\\frontend\\products\\custom_products.php')
 3 SYSTEMPATH\View\View.php(231): CodeIgniter\View\View->CodeIgniter\View\{closure}()
 4 SYSTEMPATH\Common.php(1178): CodeIgniter\View\View->render('frontend/products/custom_products', [], true)
 5 APPPATH\Views\frontend\collections\collections.php(33): view('frontend/products/custom_products', [...])
 6 SYSTEMPATH\View\View.php(228): include('D:\\xamp\\htdocs\\neo\\app\\Views\\frontend\\collections\\collections.php')
 7 SYSTEMPATH\View\View.php(231): CodeIgniter\View\View->CodeIgniter\View\{closure}()
 8 SYSTEMPATH\Common.php(1178): CodeIgniter\View\View->render('frontend/collections/collections', [], true)
 9 APPPATH\Controllers\CollectionsController.php(6): view('frontend/collections/collections', [...])
10 SYSTEMPATH\CodeIgniter.php(943): App\Controllers\CollectionsController->index('customize')
11 SYSTEMPATH\CodeIgniter.php(503): CodeIgniter\CodeIgniter->runController(Object(App\Controllers\CollectionsController))
12 SYSTEMPATH\CodeIgniter.php(361): CodeIgniter\CodeIgniter->handleRequest(null, Object(Config\Cache), false)
13 FCPATH\index.php(79): CodeIgniter\CodeIgniter->run()
INFO - 2026-05-18 18:21:33 --> Session: Class initialized using 'CodeIgniter\Session\Handlers\FileHandler' driver.
CRITICAL - 2026-05-18 18:21:33 --> ErrorException: Undefined property: stdClass::$product_type
in APPPATH\Views\frontend\products\custom_products.php on line 37.
 1 APPPATH\Views\frontend\products\custom_products.php(37): CodeIgniter\Debug\Exceptions->errorHandler(2, 'Undefined property: stdClass::$product_type', 'D:\\xamp\\htdocs\\neo\\app\\Views\\frontend\\products\\custom_products.php', 37)
 2 SYSTEMPATH\View\View.php(228): include('D:\\xamp\\htdocs\\neo\\app\\Views\\frontend\\products\\custom_products.php')
 3 SYSTEMPATH\View\View.php(231): CodeIgniter\View\View->CodeIgniter\View\{closure}()
 4 SYSTEMPATH\Common.php(1178): CodeIgniter\View\View->render('frontend/products/custom_products', [], true)
 5 APPPATH\Views\frontend\collections\collections.php(33): view('frontend/products/custom_products', [...])
 6 SYSTEMPATH\View\View.php(228): include('D:\\xamp\\htdocs\\neo\\app\\Views\\frontend\\collections\\collections.php')
 7 SYSTEMPATH\View\View.php(231): CodeIgniter\View\View->CodeIgniter\View\{closure}()
 8 SYSTEMPATH\Common.php(1178): CodeIgniter\View\View->render('frontend/collections/collections', [], true)
 9 APPPATH\Controllers\CollectionsController.php(6): view('frontend/collections/collections', [...])
10 SYSTEMPATH\CodeIgniter.php(943): App\Controllers\CollectionsController->index('customize')
11 SYSTEMPATH\CodeIgniter.php(503): CodeIgniter\CodeIgniter->runController(Object(App\Controllers\CollectionsController))
12 SYSTEMPATH\CodeIgniter.php(361): CodeIgniter\CodeIgniter->handleRequest(null, Object(Config\Cache), false)
13 FCPATH\index.php(79): CodeIgniter\CodeIgniter->run()
INFO - 2026-05-18 18:22:59 --> Session: Class initialized using 'CodeIgniter\Session\Handlers\FileHandler' driver.
CRITICAL - 2026-05-18 18:22:59 --> ErrorException: Undefined property: stdClass::$product_type
in APPPATH\Views\frontend\products\custom_products.php on line 37.
 1 APPPATH\Views\frontend\products\custom_products.php(37): CodeIgniter\Debug\Exceptions->errorHandler(2, 'Undefined property: stdClass::$product_type', 'D:\\xamp\\htdocs\\neo\\app\\Views\\frontend\\products\\custom_products.php', 37)
 2 SYSTEMPATH\View\View.php(228): include('D:\\xamp\\htdocs\\neo\\app\\Views\\frontend\\products\\custom_products.php')
 3 SYSTEMPATH\View\View.php(231): CodeIgniter\View\View->CodeIgniter\View\{closure}()
 4 SYSTEMPATH\Common.php(1178): CodeIgniter\View\View->render('frontend/products/custom_products', [], true)
 5 APPPATH\Views\frontend\collections\collections.php(33): view('frontend/products/custom_products', [...])
 6 SYSTEMPATH\View\View.php(228): include('D:\\xamp\\htdocs\\neo\\app\\Views\\frontend\\collections\\collections.php')
 7 SYSTEMPATH\View\View.php(231): CodeIgniter\View\View->CodeIgniter\View\{closure}()
 8 SYSTEMPATH\Common.php(1178): CodeIgniter\View\View->render('frontend/collections/collections', [], true)
 9 APPPATH\Controllers\CollectionsController.php(6): view('frontend/collections/collections', [...])
10 SYSTEMPATH\CodeIgniter.php(943): App\Controllers\CollectionsController->index('customize')
11 SYSTEMPATH\CodeIgniter.php(503): CodeIgniter\CodeIgniter->runController(Object(App\Controllers\CollectionsController))
12 SYSTEMPATH\CodeIgniter.php(361): CodeIgniter\CodeIgniter->handleRequest(null, Object(Config\Cache), false)
13 FCPATH\index.php(79): CodeIgniter\CodeIgniter->run()
INFO - 2026-05-18 18:23:06 --> Session: Class initialized using 'CodeIgniter\Session\Handlers\FileHandler' driver.
CRITICAL - 2026-05-18 18:23:06 --> ErrorException: Undefined property: stdClass::$product_type
in APPPATH\Views\frontend\products\custom_products.php on line 37.
 1 APPPATH\Views\frontend\products\custom_products.php(37): CodeIgniter\Debug\Exceptions->errorHandler(2, 'Undefined property: stdClass::$product_type', 'D:\\xamp\\htdocs\\neo\\app\\Views\\frontend\\products\\custom_products.php', 37)
 2 SYSTEMPATH\View\View.php(228): include('D:\\xamp\\htdocs\\neo\\app\\Views\\frontend\\products\\custom_products.php')
 3 SYSTEMPATH\View\View.php(231): CodeIgniter\View\View->CodeIgniter\View\{closure}()
 4 SYSTEMPATH\Common.php(1178): CodeIgniter\View\View->render('frontend/products/custom_products', [], true)
 5 APPPATH\Views\frontend\collections\collections.php(33): view('frontend/products/custom_products', [...])
 6 SYSTEMPATH\View\View.php(228): include('D:\\xamp\\htdocs\\neo\\app\\Views\\frontend\\collections\\collections.php')
 7 SYSTEMPATH\View\View.php(231): CodeIgniter\View\View->CodeIgniter\View\{closure}()
 8 SYSTEMPATH\Common.php(1178): CodeIgniter\View\View->render('frontend/collections/collections', [], true)
 9 APPPATH\Controllers\CollectionsController.php(6): view('frontend/collections/collections', [...])
10 SYSTEMPATH\CodeIgniter.php(943): App\Controllers\CollectionsController->index('customize')
11 SYSTEMPATH\CodeIgniter.php(503): CodeIgniter\CodeIgniter->runController(Object(App\Controllers\CollectionsController))
12 SYSTEMPATH\CodeIgniter.php(361): CodeIgniter\CodeIgniter->handleRequest(null, Object(Config\Cache), false)
13 FCPATH\index.php(79): CodeIgniter\CodeIgniter->run()
INFO - 2026-05-18 18:23:07 --> Session: Class initialized using 'CodeIgniter\Session\Handlers\FileHandler' driver.
CRITICAL - 2026-05-18 18:23:07 --> ErrorException: Undefined property: stdClass::$product_type
in APPPATH\Views\frontend\products\custom_products.php on line 37.
 1 APPPATH\Views\frontend\products\custom_products.php(37): CodeIgniter\Debug\Exceptions->errorHandler(2, 'Undefined property: stdClass::$product_type', 'D:\\xamp\\htdocs\\neo\\app\\Views\\frontend\\products\\custom_products.php', 37)
 2 SYSTEMPATH\View\View.php(228): include('D:\\xamp\\htdocs\\neo\\app\\Views\\frontend\\products\\custom_products.php')
 3 SYSTEMPATH\View\View.php(231): CodeIgniter\View\View->CodeIgniter\View\{closure}()
 4 SYSTEMPATH\Common.php(1178): CodeIgniter\View\View->render('frontend/products/custom_products', [], true)
 5 APPPATH\Views\frontend\collections\collections.php(33): view('frontend/products/custom_products', [...])
 6 SYSTEMPATH\View\View.php(228): include('D:\\xamp\\htdocs\\neo\\app\\Views\\frontend\\collections\\collections.php')
 7 SYSTEMPATH\View\View.php(231): CodeIgniter\View\View->CodeIgniter\View\{closure}()
 8 SYSTEMPATH\Common.php(1178): CodeIgniter\View\View->render('frontend/collections/collections', [], true)
 9 APPPATH\Controllers\CollectionsController.php(6): view('frontend/collections/collections', [...])
10 SYSTEMPATH\CodeIgniter.php(943): App\Controllers\CollectionsController->index('customize')
11 SYSTEMPATH\CodeIgniter.php(503): CodeIgniter\CodeIgniter->runController(Object(App\Controllers\CollectionsController))
12 SYSTEMPATH\CodeIgniter.php(361): CodeIgniter\CodeIgniter->handleRequest(null, Object(Config\Cache), false)
13 FCPATH\index.php(79): CodeIgniter\CodeIgniter->run()
INFO - 2026-05-18 18:23:10 --> Session: Class initialized using 'CodeIgniter\Session\Handlers\FileHandler' driver.
CRITICAL - 2026-05-18 18:23:10 --> ErrorException: Undefined property: stdClass::$product_type
in APPPATH\Views\frontend\products\custom_products.php on line 37.
 1 APPPATH\Views\frontend\products\custom_products.php(37): CodeIgniter\Debug\Exceptions->errorHandler(2, 'Undefined property: stdClass::$product_type', 'D:\\xamp\\htdocs\\neo\\app\\Views\\frontend\\products\\custom_products.php', 37)
 2 SYSTEMPATH\View\View.php(228): include('D:\\xamp\\htdocs\\neo\\app\\Views\\frontend\\products\\custom_products.php')
 3 SYSTEMPATH\View\View.php(231): CodeIgniter\View\View->CodeIgniter\View\{closure}()
 4 SYSTEMPATH\Common.php(1178): CodeIgniter\View\View->render('frontend/products/custom_products', [], true)
 5 APPPATH\Views\frontend\collections\collections.php(33): view('frontend/products/custom_products', [...])
 6 SYSTEMPATH\View\View.php(228): include('D:\\xamp\\htdocs\\neo\\app\\Views\\frontend\\collections\\collections.php')
 7 SYSTEMPATH\View\View.php(231): CodeIgniter\View\View->CodeIgniter\View\{closure}()
 8 SYSTEMPATH\Common.php(1178): CodeIgniter\View\View->render('frontend/collections/collections', [], true)
 9 APPPATH\Controllers\CollectionsController.php(6): view('frontend/collections/collections', [...])
10 SYSTEMPATH\CodeIgniter.php(943): App\Controllers\CollectionsController->index('customize')
11 SYSTEMPATH\CodeIgniter.php(503): CodeIgniter\CodeIgniter->runController(Object(App\Controllers\CollectionsController))
12 SYSTEMPATH\CodeIgniter.php(361): CodeIgniter\CodeIgniter->handleRequest(null, Object(Config\Cache), false)
13 FCPATH\index.php(79): CodeIgniter\CodeIgniter->run()
INFO - 2026-05-18 18:25:11 --> Session: Class initialized using 'CodeIgniter\Session\Handlers\FileHandler' driver.
INFO - 2026-05-18 18:25:12 --> Session: Class initialized using 'CodeIgniter\Session\Handlers\FileHandler' driver.
INFO - 2026-05-18 18:25:16 --> Session: Class initialized using 'CodeIgniter\Session\Handlers\FileHandler' driver.
INFO - 2026-05-18 18:25:17 --> Session: Class initialized using 'CodeIgniter\Session\Handlers\FileHandler' driver.
INFO - 2026-05-18 18:25:17 --> Session: Class initialized using 'CodeIgniter\Session\Handlers\FileHandler' driver.
INFO - 2026-05-18 18:25:30 --> Session: Class initialized using 'CodeIgniter\Session\Handlers\FileHandler' driver.
CRITICAL - 2026-05-18 18:25:30 --> ErrorException: Undefined variable $discountAmount
in APPPATH\Services\ProductService.php on line 105.
 1 APPPATH\Services\ProductService.php(105): CodeIgniter\Debug\Exceptions->errorHandler(2, 'Undefined variable $discountAmount', 'D:\\xamp\\htdocs\\neo\\app\\Services\\ProductService.php', 105)
 2 APPPATH\Controllers\ProductController.php(130): App\Services\ProductService->calculateProductPrice([...])
 3 SYSTEMPATH\CodeIgniter.php(943): App\Controllers\ProductController->calculateProductPrice()
 4 SYSTEMPATH\CodeIgniter.php(503): CodeIgniter\CodeIgniter->runController(Object(App\Controllers\ProductController))
 5 SYSTEMPATH\CodeIgniter.php(361): CodeIgniter\CodeIgniter->handleRequest(null, Object(Config\Cache), false)
 6 FCPATH\index.php(79): CodeIgniter\CodeIgniter->run()
INFO - 2026-05-18 18:25:31 --> Session: Class initialized using 'CodeIgniter\Session\Handlers\FileHandler' driver.
CRITICAL - 2026-05-18 18:25:31 --> ErrorException: Undefined variable $discountAmount
in APPPATH\Services\ProductService.php on line 105.
 1 APPPATH\Services\ProductService.php(105): CodeIgniter\Debug\Exceptions->errorHandler(2, 'Undefined variable $discountAmount', 'D:\\xamp\\htdocs\\neo\\app\\Services\\ProductService.php', 105)
 2 APPPATH\Controllers\ProductController.php(130): App\Services\ProductService->calculateProductPrice([...])
 3 SYSTEMPATH\CodeIgniter.php(943): App\Controllers\ProductController->calculateProductPrice()
 4 SYSTEMPATH\CodeIgniter.php(503): CodeIgniter\CodeIgniter->runController(Object(App\Controllers\ProductController))
 5 SYSTEMPATH\CodeIgniter.php(361): CodeIgniter\CodeIgniter->handleRequest(null, Object(Config\Cache), false)
 6 FCPATH\index.php(79): CodeIgniter\CodeIgniter->run()
INFO - 2026-05-18 18:25:32 --> Session: Class initialized using 'CodeIgniter\Session\Handlers\FileHandler' driver.
CRITICAL - 2026-05-18 18:25:32 --> ErrorException: Undefined variable $discountAmount
in APPPATH\Services\ProductService.php on line 105.
 1 APPPATH\Services\ProductService.php(105): CodeIgniter\Debug\Exceptions->errorHandler(2, 'Undefined variable $discountAmount', 'D:\\xamp\\htdocs\\neo\\app\\Services\\ProductService.php', 105)
 2 APPPATH\Controllers\ProductController.php(130): App\Services\ProductService->calculateProductPrice([...])
 3 SYSTEMPATH\CodeIgniter.php(943): App\Controllers\ProductController->calculateProductPrice()
 4 SYSTEMPATH\CodeIgniter.php(503): CodeIgniter\CodeIgniter->runController(Object(App\Controllers\ProductController))
 5 SYSTEMPATH\CodeIgniter.php(361): CodeIgniter\CodeIgniter->handleRequest(null, Object(Config\Cache), false)
 6 FCPATH\index.php(79): CodeIgniter\CodeIgniter->run()
INFO - 2026-05-18 18:25:38 --> Session: Class initialized using 'CodeIgniter\Session\Handlers\FileHandler' driver.
CRITICAL - 2026-05-18 18:25:38 --> ErrorException: Undefined variable $discountAmount
in APPPATH\Services\ProductService.php on line 105.
 1 APPPATH\Services\ProductService.php(105): CodeIgniter\Debug\Exceptions->errorHandler(2, 'Undefined variable $discountAmount', 'D:\\xamp\\htdocs\\neo\\app\\Services\\ProductService.php', 105)
 2 APPPATH\Controllers\ProductController.php(130): App\Services\ProductService->calculateProductPrice([...])
 3 SYSTEMPATH\CodeIgniter.php(943): App\Controllers\ProductController->calculateProductPrice()
 4 SYSTEMPATH\CodeIgniter.php(503): CodeIgniter\CodeIgniter->runController(Object(App\Controllers\ProductController))
 5 SYSTEMPATH\CodeIgniter.php(361): CodeIgniter\CodeIgniter->handleRequest(null, Object(Config\Cache), false)
 6 FCPATH\index.php(79): CodeIgniter\CodeIgniter->run()
INFO - 2026-05-18 18:25:39 --> Session: Class initialized using 'CodeIgniter\Session\Handlers\FileHandler' driver.
CRITICAL - 2026-05-18 18:25:39 --> ErrorException: Undefined variable $discountAmount
in APPPATH\Services\ProductService.php on line 105.
 1 APPPATH\Services\ProductService.php(105): CodeIgniter\Debug\Exceptions->errorHandler(2, 'Undefined variable $discountAmount', 'D:\\xamp\\htdocs\\neo\\app\\Services\\ProductService.php', 105)
 2 APPPATH\Controllers\ProductController.php(130): App\Services\ProductService->calculateProductPrice([...])
 3 SYSTEMPATH\CodeIgniter.php(943): App\Controllers\ProductController->calculateProductPrice()
 4 SYSTEMPATH\CodeIgniter.php(503): CodeIgniter\CodeIgniter->runController(Object(App\Controllers\ProductController))
 5 SYSTEMPATH\CodeIgniter.php(361): CodeIgniter\CodeIgniter->handleRequest(null, Object(Config\Cache), false)
 6 FCPATH\index.php(79): CodeIgniter\CodeIgniter->run()
INFO - 2026-05-18 18:25:39 --> Session: Class initialized using 'CodeIgniter\Session\Handlers\FileHandler' driver.
CRITICAL - 2026-05-18 18:25:39 --> ErrorException: Undefined variable $discountAmount
in APPPATH\Services\ProductService.php on line 105.
 1 APPPATH\Services\ProductService.php(105): CodeIgniter\Debug\Exceptions->errorHandler(2, 'Undefined variable $discountAmount', 'D:\\xamp\\htdocs\\neo\\app\\Services\\ProductService.php', 105)
 2 APPPATH\Controllers\ProductController.php(130): App\Services\ProductService->calculateProductPrice([...])
 3 SYSTEMPATH\CodeIgniter.php(943): App\Controllers\ProductController->calculateProductPrice()
 4 SYSTEMPATH\CodeIgniter.php(503): CodeIgniter\CodeIgniter->runController(Object(App\Controllers\ProductController))
 5 SYSTEMPATH\CodeIgniter.php(361): CodeIgniter\CodeIgniter->handleRequest(null, Object(Config\Cache), false)
 6 FCPATH\index.php(79): CodeIgniter\CodeIgniter->run()
INFO - 2026-05-18 18:25:40 --> Session: Class initialized using 'CodeIgniter\Session\Handlers\FileHandler' driver.
CRITICAL - 2026-05-18 18:25:40 --> ErrorException: Undefined variable $discountAmount
in APPPATH\Services\ProductService.php on line 105.
 1 APPPATH\Services\ProductService.php(105): CodeIgniter\Debug\Exceptions->errorHandler(2, 'Undefined variable $discountAmount', 'D:\\xamp\\htdocs\\neo\\app\\Services\\ProductService.php', 105)
 2 APPPATH\Controllers\ProductController.php(130): App\Services\ProductService->calculateProductPrice([...])
 3 SYSTEMPATH\CodeIgniter.php(943): App\Controllers\ProductController->calculateProductPrice()
 4 SYSTEMPATH\CodeIgniter.php(503): CodeIgniter\CodeIgniter->runController(Object(App\Controllers\ProductController))
 5 SYSTEMPATH\CodeIgniter.php(361): CodeIgniter\CodeIgniter->handleRequest(null, Object(Config\Cache), false)
 6 FCPATH\index.php(79): CodeIgniter\CodeIgniter->run()
INFO - 2026-05-18 18:25:40 --> Session: Class initialized using 'CodeIgniter\Session\Handlers\FileHandler' driver.
CRITICAL - 2026-05-18 18:25:40 --> ErrorException: Undefined variable $discountAmount
in APPPATH\Services\ProductService.php on line 105.
 1 APPPATH\Services\ProductService.php(105): CodeIgniter\Debug\Exceptions->errorHandler(2, 'Undefined variable $discountAmount', 'D:\\xamp\\htdocs\\neo\\app\\Services\\ProductService.php', 105)
 2 APPPATH\Controllers\ProductController.php(130): App\Services\ProductService->calculateProductPrice([...])
 3 SYSTEMPATH\CodeIgniter.php(943): App\Controllers\ProductController->calculateProductPrice()
 4 SYSTEMPATH\CodeIgniter.php(503): CodeIgniter\CodeIgniter->runController(Object(App\Controllers\ProductController))
 5 SYSTEMPATH\CodeIgniter.php(361): CodeIgniter\CodeIgniter->handleRequest(null, Object(Config\Cache), false)
 6 FCPATH\index.php(79): CodeIgniter\CodeIgniter->run()
INFO - 2026-05-18 18:25:41 --> Session: Class initialized using 'CodeIgniter\Session\Handlers\FileHandler' driver.
CRITICAL - 2026-05-18 18:25:41 --> ErrorException: Undefined variable $discountAmount
in APPPATH\Services\ProductService.php on line 105.
 1 APPPATH\Services\ProductService.php(105): CodeIgniter\Debug\Exceptions->errorHandler(2, 'Undefined variable $discountAmount', 'D:\\xamp\\htdocs\\neo\\app\\Services\\ProductService.php', 105)
 2 APPPATH\Controllers\ProductController.php(130): App\Services\ProductService->calculateProductPrice([...])
 3 SYSTEMPATH\CodeIgniter.php(943): App\Controllers\ProductController->calculateProductPrice()
 4 SYSTEMPATH\CodeIgniter.php(503): CodeIgniter\CodeIgniter->runController(Object(App\Controllers\ProductController))
 5 SYSTEMPATH\CodeIgniter.php(361): CodeIgniter\CodeIgniter->handleRequest(null, Object(Config\Cache), false)
 6 FCPATH\index.php(79): CodeIgniter\CodeIgniter->run()
INFO - 2026-05-18 18:25:41 --> Session: Class initialized using 'CodeIgniter\Session\Handlers\FileHandler' driver.
CRITICAL - 2026-05-18 18:25:41 --> ErrorException: Undefined variable $discountAmount
in APPPATH\Services\ProductService.php on line 105.
 1 APPPATH\Services\ProductService.php(105): CodeIgniter\Debug\Exceptions->errorHandler(2, 'Undefined variable $discountAmount', 'D:\\xamp\\htdocs\\neo\\app\\Services\\ProductService.php', 105)
 2 APPPATH\Controllers\ProductController.php(130): App\Services\ProductService->calculateProductPrice([...])
 3 SYSTEMPATH\CodeIgniter.php(943): App\Controllers\ProductController->calculateProductPrice()
 4 SYSTEMPATH\CodeIgniter.php(503): CodeIgniter\CodeIgniter->runController(Object(App\Controllers\ProductController))
 5 SYSTEMPATH\CodeIgniter.php(361): CodeIgniter\CodeIgniter->handleRequest(null, Object(Config\Cache), false)
 6 FCPATH\index.php(79): CodeIgniter\CodeIgniter->run()
INFO - 2026-05-18 18:25:42 --> Session: Class initialized using 'CodeIgniter\Session\Handlers\FileHandler' driver.
CRITICAL - 2026-05-18 18:25:42 --> ErrorException: Undefined variable $discountAmount
in APPPATH\Services\ProductService.php on line 105.
 1 APPPATH\Services\ProductService.php(105): CodeIgniter\Debug\Exceptions->errorHandler(2, 'Undefined variable $discountAmount', 'D:\\xamp\\htdocs\\neo\\app\\Services\\ProductService.php', 105)
 2 APPPATH\Controllers\ProductController.php(130): App\Services\ProductService->calculateProductPrice([...])
 3 SYSTEMPATH\CodeIgniter.php(943): App\Controllers\ProductController->calculateProductPrice()
 4 SYSTEMPATH\CodeIgniter.php(503): CodeIgniter\CodeIgniter->runController(Object(App\Controllers\ProductController))
 5 SYSTEMPATH\CodeIgniter.php(361): CodeIgniter\CodeIgniter->handleRequest(null, Object(Config\Cache), false)
 6 FCPATH\index.php(79): CodeIgniter\CodeIgniter->run()
INFO - 2026-05-18 18:25:42 --> Session: Class initialized using 'CodeIgniter\Session\Handlers\FileHandler' driver.
CRITICAL - 2026-05-18 18:25:42 --> ErrorException: Undefined variable $discountAmount
in APPPATH\Services\ProductService.php on line 105.
 1 APPPATH\Services\ProductService.php(105): CodeIgniter\Debug\Exceptions->errorHandler(2, 'Undefined variable $discountAmount', 'D:\\xamp\\htdocs\\neo\\app\\Services\\ProductService.php', 105)
 2 APPPATH\Controllers\ProductController.php(130): App\Services\ProductService->calculateProductPrice([...])
 3 SYSTEMPATH\CodeIgniter.php(943): App\Controllers\ProductController->calculateProductPrice()
 4 SYSTEMPATH\CodeIgniter.php(503): CodeIgniter\CodeIgniter->runController(Object(App\Controllers\ProductController))
 5 SYSTEMPATH\CodeIgniter.php(361): CodeIgniter\CodeIgniter->handleRequest(null, Object(Config\Cache), false)
 6 FCPATH\index.php(79): CodeIgniter\CodeIgniter->run()
INFO - 2026-05-18 18:25:43 --> Session: Class initialized using 'CodeIgniter\Session\Handlers\FileHandler' driver.
CRITICAL - 2026-05-18 18:25:43 --> ErrorException: Undefined variable $discountAmount
in APPPATH\Services\ProductService.php on line 105.
 1 APPPATH\Services\ProductService.php(105): CodeIgniter\Debug\Exceptions->errorHandler(2, 'Undefined variable $discountAmount', 'D:\\xamp\\htdocs\\neo\\app\\Services\\ProductService.php', 105)
 2 APPPATH\Controllers\ProductController.php(130): App\Services\ProductService->calculateProductPrice([...])
 3 SYSTEMPATH\CodeIgniter.php(943): App\Controllers\ProductController->calculateProductPrice()
 4 SYSTEMPATH\CodeIgniter.php(503): CodeIgniter\CodeIgniter->runController(Object(App\Controllers\ProductController))
 5 SYSTEMPATH\CodeIgniter.php(361): CodeIgniter\CodeIgniter->handleRequest(null, Object(Config\Cache), false)
 6 FCPATH\index.php(79): CodeIgniter\CodeIgniter->run()
INFO - 2026-05-18 18:27:49 --> Session: Class initialized using 'CodeIgniter\Session\Handlers\FileHandler' driver.
INFO - 2026-05-18 18:27:50 --> Session: Class initialized using 'CodeIgniter\Session\Handlers\FileHandler' driver.
INFO - 2026-05-18 18:27:50 --> Session: Class initialized using 'CodeIgniter\Session\Handlers\FileHandler' driver.
INFO - 2026-05-18 18:27:53 --> Session: Class initialized using 'CodeIgniter\Session\Handlers\FileHandler' driver.
CRITICAL - 2026-05-18 18:27:53 --> ErrorException: Undefined variable $discountAmount
in APPPATH\Services\ProductService.php on line 109.
 1 APPPATH\Services\ProductService.php(109): CodeIgniter\Debug\Exceptions->errorHandler(2, 'Undefined variable $discountAmount', 'D:\\xamp\\htdocs\\neo\\app\\Services\\ProductService.php', 109)
 2 APPPATH\Controllers\ProductController.php(130): App\Services\ProductService->calculateProductPrice([...])
 3 SYSTEMPATH\CodeIgniter.php(943): App\Controllers\ProductController->calculateProductPrice()
 4 SYSTEMPATH\CodeIgniter.php(503): CodeIgniter\CodeIgniter->runController(Object(App\Controllers\ProductController))
 5 SYSTEMPATH\CodeIgniter.php(361): CodeIgniter\CodeIgniter->handleRequest(null, Object(Config\Cache), false)
 6 FCPATH\index.php(79): CodeIgniter\CodeIgniter->run()
INFO - 2026-05-18 18:27:54 --> Session: Class initialized using 'CodeIgniter\Session\Handlers\FileHandler' driver.
CRITICAL - 2026-05-18 18:27:54 --> ErrorException: Undefined variable $discountAmount
in APPPATH\Services\ProductService.php on line 109.
 1 APPPATH\Services\ProductService.php(109): CodeIgniter\Debug\Exceptions->errorHandler(2, 'Undefined variable $discountAmount', 'D:\\xamp\\htdocs\\neo\\app\\Services\\ProductService.php', 109)
 2 APPPATH\Controllers\ProductController.php(130): App\Services\ProductService->calculateProductPrice([...])
 3 SYSTEMPATH\CodeIgniter.php(943): App\Controllers\ProductController->calculateProductPrice()
 4 SYSTEMPATH\CodeIgniter.php(503): CodeIgniter\CodeIgniter->runController(Object(App\Controllers\ProductController))
 5 SYSTEMPATH\CodeIgniter.php(361): CodeIgniter\CodeIgniter->handleRequest(null, Object(Config\Cache), false)
 6 FCPATH\index.php(79): CodeIgniter\CodeIgniter->run()
INFO - 2026-05-18 18:28:04 --> Session: Class initialized using 'CodeIgniter\Session\Handlers\FileHandler' driver.
INFO - 2026-05-18 18:28:05 --> Session: Class initialized using 'CodeIgniter\Session\Handlers\FileHandler' driver.
INFO - 2026-05-18 18:28:06 --> Session: Class initialized using 'CodeIgniter\Session\Handlers\FileHandler' driver.
INFO - 2026-05-18 18:28:07 --> Session: Class initialized using 'CodeIgniter\Session\Handlers\FileHandler' driver.
INFO - 2026-05-18 18:28:08 --> Session: Class initialized using 'CodeIgniter\Session\Handlers\FileHandler' driver.
INFO - 2026-05-18 18:28:21 --> Session: Class initialized using 'CodeIgniter\Session\Handlers\FileHandler' driver.
INFO - 2026-05-18 18:28:22 --> Session: Class initialized using 'CodeIgniter\Session\Handlers\FileHandler' driver.
INFO - 2026-05-18 18:28:22 --> Session: Class initialized using 'CodeIgniter\Session\Handlers\FileHandler' driver.
INFO - 2026-05-18 18:28:28 --> Session: Class initialized using 'CodeIgniter\Session\Handlers\FileHandler' driver.
INFO - 2026-05-18 18:28:30 --> Session: Class initialized using 'CodeIgniter\Session\Handlers\FileHandler' driver.
INFO - 2026-05-18 18:29:25 --> Session: Class initialized using 'CodeIgniter\Session\Handlers\FileHandler' driver.
INFO - 2026-05-18 18:29:26 --> Session: Class initialized using 'CodeIgniter\Session\Handlers\FileHandler' driver.
INFO - 2026-05-18 18:29:26 --> Session: Class initialized using 'CodeIgniter\Session\Handlers\FileHandler' driver.
INFO - 2026-05-18 18:29:29 --> Session: Class initialized using 'CodeIgniter\Session\Handlers\FileHandler' driver.
CRITICAL - 2026-05-18 18:29:29 --> ErrorException: Undefined variable $discountAmount
in APPPATH\Services\ProductService.php on line 110.
 1 APPPATH\Services\ProductService.php(110): CodeIgniter\Debug\Exceptions->errorHandler(2, 'Undefined variable $discountAmount', 'D:\\xamp\\htdocs\\neo\\app\\Services\\ProductService.php', 110)
 2 APPPATH\Controllers\ProductController.php(130): App\Services\ProductService->calculateProductPrice([...])
 3 SYSTEMPATH\CodeIgniter.php(943): App\Controllers\ProductController->calculateProductPrice()
 4 SYSTEMPATH\CodeIgniter.php(503): CodeIgniter\CodeIgniter->runController(Object(App\Controllers\ProductController))
 5 SYSTEMPATH\CodeIgniter.php(361): CodeIgniter\CodeIgniter->handleRequest(null, Object(Config\Cache), false)
 6 FCPATH\index.php(79): CodeIgniter\CodeIgniter->run()
INFO - 2026-05-18 18:29:40 --> Session: Class initialized using 'CodeIgniter\Session\Handlers\FileHandler' driver.
INFO - 2026-05-18 18:30:28 --> Session: Class initialized using 'CodeIgniter\Session\Handlers\FileHandler' driver.
INFO - 2026-05-18 18:31:04 --> Session: Class initialized using 'CodeIgniter\Session\Handlers\FileHandler' driver.
INFO - 2026-05-18 18:32:12 --> Session: Class initialized using 'CodeIgniter\Session\Handlers\FileHandler' driver.
INFO - 2026-05-18 18:32:13 --> Session: Class initialized using 'CodeIgniter\Session\Handlers\FileHandler' driver.
INFO - 2026-05-18 18:32:13 --> Session: Class initialized using 'CodeIgniter\Session\Handlers\FileHandler' driver.
INFO - 2026-05-18 18:33:02 --> Session: Class initialized using 'CodeIgniter\Session\Handlers\FileHandler' driver.
INFO - 2026-05-18 18:33:04 --> Session: Class initialized using 'CodeIgniter\Session\Handlers\FileHandler' driver.
INFO - 2026-05-18 18:33:04 --> Session: Class initialized using 'CodeIgniter\Session\Handlers\FileHandler' driver.
INFO - 2026-05-18 18:33:05 --> Session: Class initialized using 'CodeIgniter\Session\Handlers\FileHandler' driver.
INFO - 2026-05-18 18:35:47 --> Session: Class initialized using 'CodeIgniter\Session\Handlers\FileHandler' driver.
INFO - 2026-05-18 18:35:48 --> Session: Class initialized using 'CodeIgniter\Session\Handlers\FileHandler' driver.
INFO - 2026-05-18 18:35:48 --> Session: Class initialized using 'CodeIgniter\Session\Handlers\FileHandler' driver.
INFO - 2026-05-18 18:35:49 --> Session: Class initialized using 'CodeIgniter\Session\Handlers\FileHandler' driver.
INFO - 2026-05-18 18:35:50 --> Session: Class initialized using 'CodeIgniter\Session\Handlers\FileHandler' driver.
INFO - 2026-05-18 18:35:50 --> Session: Class initialized using 'CodeIgniter\Session\Handlers\FileHandler' driver.
INFO - 2026-05-18 18:36:17 --> Session: Class initialized using 'CodeIgniter\Session\Handlers\FileHandler' driver.
INFO - 2026-05-18 18:36:18 --> Session: Class initialized using 'CodeIgniter\Session\Handlers\FileHandler' driver.
INFO - 2026-05-18 18:36:21 --> Session: Class initialized using 'CodeIgniter\Session\Handlers\FileHandler' driver.
INFO - 2026-05-18 18:36:24 --> Session: Class initialized using 'CodeIgniter\Session\Handlers\FileHandler' driver.
INFO - 2026-05-18 18:36:56 --> Session: Class initialized using 'CodeIgniter\Session\Handlers\FileHandler' driver.
INFO - 2026-05-18 18:36:58 --> Session: Class initialized using 'CodeIgniter\Session\Handlers\FileHandler' driver.
INFO - 2026-05-18 18:36:59 --> Session: Class initialized using 'CodeIgniter\Session\Handlers\FileHandler' driver.
INFO - 2026-05-18 18:37:03 --> Session: Class initialized using 'CodeIgniter\Session\Handlers\FileHandler' driver.
INFO - 2026-05-18 18:37:04 --> Session: Class initialized using 'CodeIgniter\Session\Handlers\FileHandler' driver.
INFO - 2026-05-18 18:37:04 --> Session: Class initialized using 'CodeIgniter\Session\Handlers\FileHandler' driver.
INFO - 2026-05-18 18:37:11 --> Session: Class initialized using 'CodeIgniter\Session\Handlers\FileHandler' driver.
INFO - 2026-05-18 18:37:11 --> Session: Class initialized using 'CodeIgniter\Session\Handlers\FileHandler' driver.
INFO - 2026-05-18 18:37:12 --> Session: Class initialized using 'CodeIgniter\Session\Handlers\FileHandler' driver.
INFO - 2026-05-18 18:37:12 --> Session: Class initialized using 'CodeIgniter\Session\Handlers\FileHandler' driver.
INFO - 2026-05-18 18:37:12 --> Session: Class initialized using 'CodeIgniter\Session\Handlers\FileHandler' driver.
INFO - 2026-05-18 18:37:13 --> Session: Class initialized using 'CodeIgniter\Session\Handlers\FileHandler' driver.
INFO - 2026-05-18 18:37:13 --> Session: Class initialized using 'CodeIgniter\Session\Handlers\FileHandler' driver.
INFO - 2026-05-18 18:37:13 --> Session: Class initialized using 'CodeIgniter\Session\Handlers\FileHandler' driver.
INFO - 2026-05-18 18:37:13 --> Session: Class initialized using 'CodeIgniter\Session\Handlers\FileHandler' driver.
INFO - 2026-05-18 18:37:13 --> Session: Class initialized using 'CodeIgniter\Session\Handlers\FileHandler' driver.
INFO - 2026-05-18 18:37:14 --> Session: Class initialized using 'CodeIgniter\Session\Handlers\FileHandler' driver.
INFO - 2026-05-18 18:37:14 --> Session: Class initialized using 'CodeIgniter\Session\Handlers\FileHandler' driver.
INFO - 2026-05-18 18:37:15 --> Session: Class initialized using 'CodeIgniter\Session\Handlers\FileHandler' driver.
INFO - 2026-05-18 18:37:15 --> Session: Class initialized using 'CodeIgniter\Session\Handlers\FileHandler' driver.
INFO - 2026-05-18 18:37:15 --> Session: Class initialized using 'CodeIgniter\Session\Handlers\FileHandler' driver.
INFO - 2026-05-18 18:37:15 --> Session: Class initialized using 'CodeIgniter\Session\Handlers\FileHandler' driver.
INFO - 2026-05-18 18:37:56 --> Session: Class initialized using 'CodeIgniter\Session\Handlers\FileHandler' driver.
INFO - 2026-05-18 18:37:56 --> Session: Class initialized using 'CodeIgniter\Session\Handlers\FileHandler' driver.
INFO - 2026-05-18 18:37:57 --> Session: Class initialized using 'CodeIgniter\Session\Handlers\FileHandler' driver.
INFO - 2026-05-18 18:37:57 --> Session: Class initialized using 'CodeIgniter\Session\Handlers\FileHandler' driver.
INFO - 2026-05-18 18:39:11 --> Session: Class initialized using 'CodeIgniter\Session\Handlers\FileHandler' driver.
INFO - 2026-05-18 18:40:59 --> Session: Class initialized using 'CodeIgniter\Session\Handlers\FileHandler' driver.
CRITICAL - 2026-05-18 18:40:59 --> ErrorException: Attempt to read property "product_type" on array
in APPPATH\Views\frontend\products\productdetials.php on line 18.
 1 APPPATH\Views\frontend\products\productdetials.php(18): CodeIgniter\Debug\Exceptions->errorHandler(2, 'Attempt to read property "product_type" on array', 'D:\\xamp\\htdocs\\neo\\app\\Views\\frontend\\products\\productdetials.php', 18)
 2 SYSTEMPATH\View\View.php(228): include('D:\\xamp\\htdocs\\neo\\app\\Views\\frontend\\products\\productdetials.php')
 3 SYSTEMPATH\View\View.php(231): CodeIgniter\View\View->CodeIgniter\View\{closure}()
 4 SYSTEMPATH\Common.php(1178): CodeIgniter\View\View->render('frontend/products/productdetials', [], true)
 5 APPPATH\Controllers\ProductController.php(124): view('frontend/products/productdetials', [...])
 6 SYSTEMPATH\CodeIgniter.php(943): App\Controllers\ProductController->singleDetails('customise-floro-sign')
 7 SYSTEMPATH\CodeIgniter.php(503): CodeIgniter\CodeIgniter->runController(Object(App\Controllers\ProductController))
 8 SYSTEMPATH\CodeIgniter.php(361): CodeIgniter\CodeIgniter->handleRequest(null, Object(Config\Cache), false)
 9 FCPATH\index.php(79): CodeIgniter\CodeIgniter->run()
INFO - 2026-05-18 18:41:00 --> Session: Class initialized using 'CodeIgniter\Session\Handlers\FileHandler' driver.
CRITICAL - 2026-05-18 18:41:00 --> ErrorException: Attempt to read property "product_type" on array
in APPPATH\Views\frontend\products\productdetials.php on line 18.
 1 APPPATH\Views\frontend\products\productdetials.php(18): CodeIgniter\Debug\Exceptions->errorHandler(2, 'Attempt to read property "product_type" on array', 'D:\\xamp\\htdocs\\neo\\app\\Views\\frontend\\products\\productdetials.php', 18)
 2 SYSTEMPATH\View\View.php(228): include('D:\\xamp\\htdocs\\neo\\app\\Views\\frontend\\products\\productdetials.php')
 3 SYSTEMPATH\View\View.php(231): CodeIgniter\View\View->CodeIgniter\View\{closure}()
 4 SYSTEMPATH\Common.php(1178): CodeIgniter\View\View->render('frontend/products/productdetials', [], true)
 5 APPPATH\Controllers\ProductController.php(124): view('frontend/products/productdetials', [...])
 6 SYSTEMPATH\CodeIgniter.php(943): App\Controllers\ProductController->singleDetails('customise-floro-sign')
 7 SYSTEMPATH\CodeIgniter.php(503): CodeIgniter\CodeIgniter->runController(Object(App\Controllers\ProductController))
 8 SYSTEMPATH\CodeIgniter.php(361): CodeIgniter\CodeIgniter->handleRequest(null, Object(Config\Cache), false)
 9 FCPATH\index.php(79): CodeIgniter\CodeIgniter->run()
INFO - 2026-05-18 18:41:15 --> Session: Class initialized using 'CodeIgniter\Session\Handlers\FileHandler' driver.
CRITICAL - 2026-05-18 18:41:15 --> CodeIgniter\View\Exceptions\ViewException: Invalid file: "frontend/products/product_custom_detail.php"
in SYSTEMPATH\Exceptions\FrameworkException.php on line 39.
 1 SYSTEMPATH\View\View.php(216): CodeIgniter\Exceptions\FrameworkException::forInvalidFile('frontend/products/product_custom_detail.php')
 2 SYSTEMPATH\Common.php(1178): CodeIgniter\View\View->render('frontend/products/product_custom_detail', [], true)
 3 APPPATH\Views\frontend\products\productdetials.php(21): view('frontend/products/product_custom_detail', [...])
 4 SYSTEMPATH\View\View.php(228): include('D:\\xamp\\htdocs\\neo\\app\\Views\\frontend\\products\\productdetials.php')
 5 SYSTEMPATH\View\View.php(231): CodeIgniter\View\View->CodeIgniter\View\{closure}()
 6 SYSTEMPATH\Common.php(1178): CodeIgniter\View\View->render('frontend/products/productdetials', [], true)
 7 APPPATH\Controllers\ProductController.php(124): view('frontend/products/productdetials', [...])
 8 SYSTEMPATH\CodeIgniter.php(943): App\Controllers\ProductController->singleDetails('customise-floro-sign')
 9 SYSTEMPATH\CodeIgniter.php(503): CodeIgniter\CodeIgniter->runController(Object(App\Controllers\ProductController))
10 SYSTEMPATH\CodeIgniter.php(361): CodeIgniter\CodeIgniter->handleRequest(null, Object(Config\Cache), false)
11 FCPATH\index.php(79): CodeIgniter\CodeIgniter->run()
INFO - 2026-05-18 18:42:14 --> Session: Class initialized using 'CodeIgniter\Session\Handlers\FileHandler' driver.
INFO - 2026-05-18 18:42:15 --> Session: Class initialized using 'CodeIgniter\Session\Handlers\FileHandler' driver.
INFO - 2026-05-18 18:42:15 --> Session: Class initialized using 'CodeIgniter\Session\Handlers\FileHandler' driver.
INFO - 2026-05-18 18:42:23 --> Session: Class initialized using 'CodeIgniter\Session\Handlers\FileHandler' driver.
INFO - 2026-05-18 18:42:24 --> Session: Class initialized using 'CodeIgniter\Session\Handlers\FileHandler' driver.
INFO - 2026-05-18 18:42:25 --> Session: Class initialized using 'CodeIgniter\Session\Handlers\FileHandler' driver.
INFO - 2026-05-18 18:46:19 --> Session: Class initialized using 'CodeIgniter\Session\Handlers\FileHandler' driver.
INFO - 2026-05-18 18:47:20 --> Session: Class initialized using 'CodeIgniter\Session\Handlers\FileHandler' driver.
INFO - 2026-05-18 18:47:21 --> Session: Class initialized using 'CodeIgniter\Session\Handlers\FileHandler' driver.
INFO - 2026-05-18 18:47:21 --> Session: Class initialized using 'CodeIgniter\Session\Handlers\FileHandler' driver.
INFO - 2026-05-18 18:47:54 --> Session: Class initialized using 'CodeIgniter\Session\Handlers\FileHandler' driver.
CRITICAL - 2026-05-18 18:47:54 --> ErrorException: Undefined variable $key
in APPPATH\Views\frontend\products\product_custom_detail.php on line 161.
 1 APPPATH\Views\frontend\products\product_custom_detail.php(161): CodeIgniter\Debug\Exceptions->errorHandler(2, 'Undefined variable $key', 'D:\\xamp\\htdocs\\neo\\app\\Views\\frontend\\products\\product_custom_detail.php', 161)
 2 SYSTEMPATH\View\View.php(228): include('D:\\xamp\\htdocs\\neo\\app\\Views\\frontend\\products\\product_custom_detail.php')
 3 SYSTEMPATH\View\View.php(231): CodeIgniter\View\View->CodeIgniter\View\{closure}()
 4 SYSTEMPATH\Common.php(1178): CodeIgniter\View\View->render('frontend/products/product_custom_detail', [], true)
 5 APPPATH\Views\frontend\products\productdetials.php(21): view('frontend/products/product_custom_detail', [...])
 6 SYSTEMPATH\View\View.php(228): include('D:\\xamp\\htdocs\\neo\\app\\Views\\frontend\\products\\productdetials.php')
 7 SYSTEMPATH\View\View.php(231): CodeIgniter\View\View->CodeIgniter\View\{closure}()
 8 SYSTEMPATH\Common.php(1178): CodeIgniter\View\View->render('frontend/products/productdetials', [], true)
 9 APPPATH\Controllers\ProductController.php(130): view('frontend/products/productdetials', [...])
10 SYSTEMPATH\CodeIgniter.php(943): App\Controllers\ProductController->singleDetails('customise-floro-sign')
11 SYSTEMPATH\CodeIgniter.php(503): CodeIgniter\CodeIgniter->runController(Object(App\Controllers\ProductController))
12 SYSTEMPATH\CodeIgniter.php(361): CodeIgniter\CodeIgniter->handleRequest(null, Object(Config\Cache), false)
13 FCPATH\index.php(79): CodeIgniter\CodeIgniter->run()
INFO - 2026-05-18 18:48:08 --> Session: Class initialized using 'CodeIgniter\Session\Handlers\FileHandler' driver.
INFO - 2026-05-18 18:48:10 --> Session: Class initialized using 'CodeIgniter\Session\Handlers\FileHandler' driver.
INFO - 2026-05-18 18:48:10 --> Session: Class initialized using 'CodeIgniter\Session\Handlers\FileHandler' driver.
